"province_id","province","district_id","name","code","type","support_type"
202,"Hồ Chí Minh",3709,"Thành Phố Thủ Đức","",2,3
281,,3707,"Test district","",2,2
246,"Cao Bằng",3703,"Huyện Testing","",3,3
246,"Cao Bằng",3702,"Huyện Ly Kỳ","",1,3
275,,3701,"New District","",3,1
202,"Hồ Chí Minh",3696,"Quận không xác định","",2,1
246,"Cao Bằng",3695,"Quách Huyện","",3,3
246,"Cao Bằng",3694,"Huyện Quảng Hòa","3694",1,3
201,"Hà Nội",3450,"Quận Vật Tư HN","VT1359",1,3
202,"Hồ Chí Minh",3449,"Quận Vật Tư HCM","VT1358",1,3
202,"Hồ Chí Minh",3448,"Quận Đặc Biệt DC","02202b",1,3
203,"Đà Nẵng",3447,"Quận Đặc Biệt","0409",1,4
259,"Kon Tum",3446,"Huyện Ia H Drai","3610",3,3
250,"Hậu Giang",3445,"Huyện Long Mỹ","6403",3,3
239,"Bình Phước",3444,"Huyện Phú Riềng","4311",3,3
214,"Trà Vinh",3443,"Thị xã Duyên Hải","5809",3,3
201,"Hà Nội",3442,"Quận Đặc Biệt","1A00",1,3
236,"Hà Tĩnh",3441,"Thị xã Kỳ Anh","3013",3,3
201,"Hà Nội",3440,"Quận Nam Từ Liêm","0130",2,3
210,"Đắk Lắk",3418,"Huyện M Đrắk","4009",3,3
211,"Long An",3329,"Thị xã Kiến Tường","4915",3,3
233,"Ninh Bình",3327,"Huyện Yên Mô","2706",2,3
231,"Nam Định",3323,"Huyện Xuân Trường","2503",3,3
236,"Hà Tĩnh",3320,"Huyện Vũ Quang","3011",3,3
231,"Nam Định",3319,"Huyện Vụ Bản","2506",2,3
220,"Cần Thơ",3317,"Huyện Vĩnh Thạnh","5507",3,3
211,"Long An",3315,"Huyện Vĩnh Hưng","4902",3,3
262,"Bình Định",3312,"Huyện Vân Canh","3709",3,3
247,"Lạng Sơn",3311,"Huyện Văn Quan","1006",3,3
247,"Lạng Sơn",3310,"Huyện Văn Lãng","1004",3,3
231,"Nam Định",3308,"Huyện Trực Ninh","2508",2,3
246,"Cao Bằng",3305,"Huyện Trà Lĩnh","0605",3,3
242,"Quảng Ngãi",3304,"Huyện Trà Bồng","3504",3,3
201,"Hà Nội",3303,"Huyện Thường Tín","1B27",3,3
261,"Ninh Thuận",3302,"Huyện Thuận Nam","4507",2,3
261,"Ninh Thuận",3301,"Huyện Thuận Bắc","4506",2,3
220,"Cần Thơ",3300,"Huyện Thới Lai","5509",3,3
246,"Cao Bằng",3299,"Huyện Thông Nông","0603",3,3
234,"Thanh Hóa",3298,"Huyện Thiệu Hóa","2817",2,3
225,"Hải Dương",3294,"Huyện Thanh Miện","2107",2,3
211,"Long An",3293,"Huyện Thạnh Hóa","4905",3,3
225,"Hải Dương",3292,"Huyện Thanh Hà","2110",2,3
235,"Nghệ An",3291,"Huyện Thanh Chương","2915",3,3
229,"Phú Thọ",3290,"Huyện Thanh Ba","1504",3,3
246,"Cao Bằng",3289,"Huyện Thạch An","0610",3,3
235,"Nghệ An",3288,"Huyện Tương Dương","2908",3,3
225,"Hải Dương",3287,"Huyện Tứ Kỳ","2106",2,3
237,"Quảng Bình",3286,"Huyện Tuyên Hóa","3102",3,3
260,"Phú Yên",3284,"Huyện Tuy An","3904",3,3
226,"Thái Bình",3281,"Huyện Tiền Hải","2607",2,3
262,"Bình Định",3279,"Huyện Tây Sơn","3708",3,3
260,"Phú Yên",3278,"Huyện Tây Hòa","3909",3,3
211,"Long An",3276,"Huyện Tân Thạnh","4904",3,3
212,"Tiền Giang",3275,"Huyện Tân Phước","5309",2,3
211,"Long An",3273,"Huyện Tân Hưng","4914",3,3
229,"Phú Thọ",3272,"Huyện Tam Nông","1511",2,3
221,"Vĩnh Phúc",3271,"Huyện Tam Đảo","1609",2,3
242,"Quảng Ngãi",3270,"Huyện Sơn Tây","3513",3,3
228,"Tuyên Quang",3267,"Huyện Sơn Dương","0907",3,3
266,"Sơn La",3266,"huyện Sốp Cộp","1411",3,3
221,"Vĩnh Phúc",3265,"Huyện Sông Lô","1607",3,3
235,"Nghệ An",3261,"Huyện Quỳ Châu","2903",3,3
235,"Nghệ An",3260,"Huyện Quế Phong","2919",3,3
246,"Cao Bằng",3259,"Huyện Quảng Uyên","0609",3,3
237,"Quảng Bình",3258,"Huyện Quảng Trạch","3104",3,3
223,"Thừa Thiên - Huế",3257,"Huyện Quảng Điền","3303",2,3
201,"Hà Nội",3255,"Huyện Phú Xuyên","1B28",3,3
262,"Bình Định",3254,"Huyện Phù Mỹ","3705",3,3
220,"Cần Thơ",3250,"Huyện Phong Điền","5505",2,3
245,"Bắc Kạn",3249,"Huyện Pác Nặm","1108",3,3
233,"Ninh Bình",3247,"Huyện Nho Quan","2703",3,3
246,"Cao Bằng",3246,"Huyện Nguyên Bình","0607",3,3
231,"Nam Định",3243,"Huyện Nghĩa Hưng","2509",2,3
245,"Bắc Kạn",3242,"Huyện Ngân Sơn","1105",3,3
234,"Thanh Hóa",3241,"Huyện Nga Sơn","2823",3,3
225,"Hải Dương",3238,"Huyện Ninh Giang","2108",2,3
223,"Thừa Thiên - Huế",3234,"Huyện Nam Đông","3308",3,3
235,"Nghệ An",3233,"Huyện Nam Đàn","2917",2,3
245,"Bắc Kạn",3232,"Huyện Na Rì","1104",3,3
266,"Sơn La",3230,"Huyện Mường La","1403",3,3
211,"Long An",3227,"Huyện Mộc Hóa","4903",3,3
242,"Quảng Ngãi",3226,"Huyện Mộ Đức","3510",2,3
237,"Quảng Bình",3224,"Huyện Minh Hóa","3103",3,3
236,"Hà Tĩnh",3220,"Huyện Lộc Hà","3012",2,3
250,"Hậu Giang",3218,"Thị xã Long Mỹ","6408",2,3
210,"Đắk Lắk",3217,"Huyện Lắk","4012",3,3
234,"Thanh Hóa",3216,"Huyện Lang Chánh","2811",3,3
208,"Khánh Hòa",3213,"Huyện Khánh Vĩnh","4105",3,3
208,"Khánh Hòa",3212,"Huyện Khánh Sơn","4107",3,3
235,"Nghệ An",3211,"Huyện Kỳ Sơn","2907",3,3
233,"Ninh Bình",3205,"Huyện Kim Sơn","2707",2,3
224,"Hải Phòng",3203,"Huyện Kiến Thụy","0308",2,3
236,"Hà Tĩnh",3201,"Huyện Hương Sơn","3003",3,3
216,"Đồng Tháp",3200,"Huyện Hồng Ngự","5004",3,3
230,"Quảng Ninh",3199,"Huyện Hoành Bồ","1712",3,3
258,"Bình Thuận",3196,"Huyện Hàm Tân","4706",3,3
246,"Cao Bằng",3194,"Huyện Hạ Lang","0611",3,3
231,"Nam Định",3193,"Huyện Giao Thủy","2504",3,3
233,"Ninh Bình",3191,"Huyện Gia Viễn","2704",2,3
236,"Hà Tĩnh",3188,"Huyện Đức Thọ","3004",3,3
260,"Phú Yên",3186,"Huyện Đồng Xuân","3902",3,3
230,"Quảng Ninh",3185,"Huyện Đông Triều","1710",3,3
260,"Phú Yên",3184,"Huyện Đông Hòa","3907",3,3
247,"Lạng Sơn",3182,"Huyện Đình Lập","1010",3,3
230,"Quảng Ninh",3180,"Huyện Đầm Hà","1706",3,3
209,"Lâm Đồng",3160,"Huyện Di Linh","4204",3,3
213,"Bến Tre",3158,"Huyện Chợ Lách","5603",3,3
228,"Tuyên Quang",3157,"Huyện Chiêm Hóa","0904",3,3
247,"Lạng Sơn",3156,"Huyện Chi Lăng","1009",3,3
216,"Đồng Tháp",3155,"Huyện Châu Thành","5011",3,3
210,"Đắk Lắk",3153,"Huyện Cư Kuin","4014",2,3
241,"Đắk Nông",3152,"Huyện Cư Jút","6304",3,3
220,"Cần Thơ",3150,"Huyện Cờ Đỏ","5506",3,3
234,"Thanh Hóa",3147,"Huyện Cẩm Thủy","2814",3,3
209,"Lâm Đồng",3146,"Huyện Cát Tiên","4209",3,3
236,"Hà Tĩnh",3143,"Huyện Can Lộc","3006",2,3
239,"Bình Phước",3141,"Huyện Bù Gia Mập","4310",3,3
239,"Bình Phước",3140,"Huyện Bù Đốp","4306",3,3
247,"Lạng Sơn",3138,"Huyện Bình Gia","1003",3,3
205,"Bình Dương",3135,"Huyện Bắc Tân Uyên","4409",3,3
247,"Lạng Sơn",3134,"Huyện Bắc Sơn","1005",3,3
205,"Bình Dương",3132,"Huyện Bàu Bàng","4408",3,3
246,"Cao Bằng",3130,"Huyện Bảo Lạc","0602",3,3
261,"Ninh Thuận",3129,"Huyện Bác Ái","4505",3,3
242,"Quảng Ngãi",3127,"Huyện Ba Tơ","3512",3,3
230,"Quảng Ninh",3126,"Huyện Ba Chẽ","1709",3,3
219,"Kiên Giang",3125,"Huyện An Minh","5410",3,3
218,"Sóc Trăng",2272,"Thị xã Vĩnh Châu","5907",3,3
267,"Hòa Bình",2270,"Huyện Yên Thủy","2310",3,3
229,"Phú Thọ",2268,"Huyện Yên Lập","1507",3,3
266,"Sơn La",2267,"Huyện Yên Châu","1408",3,3
263,"Yên Bái",2266,"Huyện Yên Bình","1304",3,3
269,"Lào Cai",2264,"Huyện Xi Ma Cai","0802",3,3
215,"Vĩnh Long",2263,"Huyện Vũng Liêm","5707",3,3
219,"Kiên Giang",2260,"Huyện Vĩnh Thuận","5411",3,3
262,"Bình Định",2258,"Huyện Vĩnh Thạnh","3707",3,3
227,"Hà Giang",2256,"Huyện Vị Xuyên","0506",3,3
266,"Sơn La",2255,"Huyện Vân Hồ","1412",3,3
219,"Kiên Giang",2251,"Huyện U Minh Thượng","5414",3,3
234,"Thanh Hóa",2249,"Huyện Triệu Sơn","2818",3,3
263,"Yên Bái",2248,"Huyện Trạm Tấu","1308",3,3
243,"Quảng Nam",2239,"Huyện Thăng Bình","3408",3,3
218,"Sóc Trăng",2238,"Huyện Thạnh Trị","5905",3,3
229,"Phú Thọ",2237,"Huyện Thanh Thủy","1512",3,3
241,"Đắk Nông",2227,"Huyện Tuy Đức","6308",3,3
259,"Kon Tum",2225,"Huyện Tu Mơ Rông","3609",2,0
243,"Quảng Nam",2224,"Huyện Tiên Phước","3410",3,3
242,"Quảng Ngãi",2222,"Huyện Tây Trà","3514",3,3
243,"Quảng Nam",2219,"Huyện Tây Giang","3416",3,3
212,"Tiền Giang",2216,"Huyện Tân Phú Đông","5310",3,3
260,"Phú Yên",2211,"Huyện Sơn Hòa","3905",3,3
242,"Quảng Ngãi",2210,"Huyện Sơn Hà","3506",3,3
260,"Phú Yên",2206,"Huyện Sông Hinh","3906",3,3
259,"Kon Tum",2205,"Huyện Sa Thầy","3605",3,3
266,"Sơn La",2204,"Huyện Quỳnh Nhai","1402",3,3
243,"Quảng Nam",2198,"Huyện Phước Sơn","3414",3,3
244,"Thái Nguyên",2195,"Huyện Phú Lương","1204",3,3
268,"Hưng Yên",2194,"Huyện Phù Cừ","2207",3,3
223,"Thừa Thiên - Huế",2193,"Huyện Phong Điền","3302",3,3
234,"Thanh Hóa",2190,"Huyện Như Thanh","2810",3,3
259,"Kon Tum",2187,"Huyện Ngọc Hồi","3603",3,3
252,"Cà Mau",2186,"Huyện Ngọc Hiển","6107",2,3
243,"Quảng Nam",2182,"Huyện Nông Sơn","3418",3,3
234,"Thanh Hóa",2181,"Huyện Nông Cống","2819",3,3
265,"Điện Biên",2179,"Huyện Nậm Pồ","6210",2,3
243,"Quảng Nam",2178,"Huyện Nam Trà My","3415",3,3
243,"Quảng Nam",2177,"Huyện Nam Giang","3413",3,3
218,"Sóc Trăng",2173,"Huyện Mỹ Tú","5903",3,3
269,"Lào Cai",2171,"Huyện Mường Khương","0809",3,3
265,"Điện Biên",2170,"Huyện Mường Ảng","6209",3,3
242,"Quảng Ngãi",2167,"Huyện Minh Long","3509",3,3
207,"Gia Lai",2165,"Huyện Mang Yang","3803",3,3
215,"Vĩnh Long",2164,"Huyện Mang Thít","5703",3,3
267,"Hòa Bình",2163,"Huyện Mai Châu","2303",3,3
218,"Sóc Trăng",2161,"Huyện Long Phú","5906",3,3
267,"Hòa Bình",2157,"Huyện Lạc Thủy","2309",3,3
267,"Hòa Bình",2156,"Huyện Lạc Sơn","2305",3,3
207,"Gia Lai",2152,"Huyện Krông Pa","3811",3,3
241,"Đắk Nông",2151,"Huyện Krông Nô","6306",3,3
210,"Đắk Lắk",2150,"Huyện Krông Búk","4003",3,3
207,"Gia Lai",2149,"Huyện Kông Chro","3806",3,3
259,"Kon Tum",2148,"Huyện Kon Rẫy","3608",3,3
267,"Hòa Bình",2146,"Huyện Kim Bôi","2308",3,3
207,"Gia Lai",2144,"Huyện Kbang","3804",3,3
262,"Bình Định",2140,"Huyện Hoài Ân","3703",3,3
243,"Quảng Nam",2139,"Huyện Hiệp Đức","3407",3,3
238,"Quảng Trị",2137,"Huyện Hải Lăng","3207",3,3
219,"Kiên Giang",2134,"Huyện Giang Thành","5415",3,3
219,"Kiên Giang",2132,"Huyện Gò Quao","5408",3,3
210,"Đắk Lắk",2131,"Huyện Ea Súp","4005",3,3
211,"Long An",2129,"Huyện Đức Huệ","4906",3,3
243,"Quảng Nam",2125,"Huyện Đông Giang","3412",3,3
265,"Điện Biên",2123,"Huyện Điện Biên Đông","6207",3,3
259,"Kon Tum",2121,"Huyện Đắk Tô","3604",3,3
241,"Đắk Nông",2120,"Huyện Đắk Song","6305",3,3
207,"Gia Lai",2119,"Huyện Đắk Pơ","3815",3,3
207,"Gia Lai",2118,"Huyện Đắk Đoa","3813",3,3
208,"Khánh Hòa",2117,"Huyện đảo Trường Sa","4108",2,0
258,"Bình Thuận",2116,"Huyện đảo Phú Quý","4709",3,3
219,"Kiên Giang",2115,"Huyện đảo Phú Quốc","5412",3,3
242,"Quảng Ngãi",2114,"Huyện đảo Lý Sơn","3502",2,3
219,"Kiên Giang",2113,"Huyện đảo Kiên Hải","5413",2,3
203,"Đà Nẵng",2112,"Huyện đảo Hoàng Sa","0408",2,0
206,"Bà Rịa - Vũng Tàu",2111,"Huyện đảo Côn Đảo","5205",3,3
238,"Quảng Trị",2110,"Huyện đảo Cồn Cỏ","3210",2,0
230,"Quảng Ninh",2109,"Huyện đảo Cô Tô","1714",3,3
224,"Hải Phòng",2108,"Huyện đảo Cát Hải","0313",2,3
224,"Hải Phòng",2107,"Huyện đảo Bạch Long Vĩ","0314",2,0
209,"Lâm Đồng",2106,"Huyện Đạ Tẻh","4208",3,3
238,"Quảng Trị",2105,"Huyện Đa Krông","3209",3,3
209,"Lâm Đồng",2104,"Huyện Đạ Huoai","4207",3,3
214,"Trà Vinh",2103,"Huyện Duyên Hải","5808",3,3
207,"Gia Lai",2101,"Huyện Chư Pưh","3817",3,3
250,"Hậu Giang",2096,"Huyện Châu Thành","6405",3,3
218,"Sóc Trăng",2093,"Huyện Cù Lao Dung","5908",3,3
214,"Trà Vinh",2091,"Huyện Cầu Kè","5803",3,3
202,"Hồ Chí Minh",2090,"Huyện Cần Giờ","0224",3,3
267,"Hòa Bình",2087,"Huyện Cao Phong","2311",3,3
214,"Trà Vinh",2086,"Huyện Càng Long","5802",3,3
212,"Tiền Giang",2084,"Huyện Cai Lậy","5304",2,3
215,"Vĩnh Long",2081,"Huyện Bình Tân","5708",3,3
266,"Sơn La",2079,"Huyện Bắc Yên","1405",3,3
243,"Quảng Nam",2078,"Huyện Bắc Trà My","3411",3,3
227,"Hà Giang",2075,"Huyện Bắc Mê","0507",3,3
269,"Lào Cai",2073,"Huyện Bảo Thắng","0804",3,3
234,"Thanh Hóa",2070,"Huyện Bá Thước","2807",3,3
230,"Quảng Ninh",2066,"Thị xã Quảng Yên","1711",3,3
221,"Vĩnh Phúc",2065,"Thị xã Phúc Yên","1608",2,3
229,"Phú Thọ",2064,"Thị xã Phú Thọ","1502",3,3
263,"Yên Bái",2063,"Thị xã Nghĩa Lộ","1302",3,3
218,"Sóc Trăng",2062,"Thị xã Ngã Năm","5909",3,3
208,"Khánh Hòa",2061,"Thị xã Ninh Hòa","4103",3,3
265,"Điện Biên",2060,"Thị xã Mường Lay","6202",3,3
216,"Đồng Tháp",2059,"Thị xã Hồng Ngự","5012",3,3
219,"Kiên Giang",2058,"Thị xã Hà Tiên","5402",3,3
212,"Tiền Giang",2057,"Thị xã Gò Công","5302",3,3
225,"Hải Dương",2056,"Thị xã Chí Linh","2102",3,3
212,"Tiền Giang",2055,"Thị xã Cai Lậy","5311",3,3
215,"Vĩnh Long",2054,"Thị xã Bình Minh","5704",3,3
227,"Hà Giang",2053,"Huyện Yên Minh","0504",3,3
227,"Hà Giang",2052,"Huyện Xín Mần","0509",3,3
244,"Thái Nguyên",2051,"Huyện Võ Nhai","1205",3,3
253,"Bạc Liêu",2050,"Huyện Vĩnh Lợi","6002",2,3
204,"Đồng Nai",2049,"Huyện Vĩnh Cửu","4802",3,3
250,"Hậu Giang",2048,"Huyện Vị Thuỷ","6402",2,3
263,"Yên Bái",2047,"Huyện Văn Yên","1303",3,3
268,"Hưng Yên",2046,"Huyện Văn Lâm","2209",3,3
268,"Hưng Yên",2045,"Huyện Văn Giang","2210",3,3
263,"Yên Bái",2044,"Huyện Văn Chấn","1306",3,3
269,"Lào Cai",2043,"Huyện Văn Bàn","0806",3,3
252,"Cà Mau",2042,"Huyện U Minh","6103",3,3
246,"Cao Bằng",2041,"Huyện Trùng Khánh","0606",3,3
238,"Quảng Trị",2040,"Huyện Triệu Phong","3206",2,3
263,"Yên Bái",2039,"Huyện Trấn Yên","1307",2,3
252,"Cà Mau",2038,"Huyện Trần Văn Thời","6104",3,3
218,"Sóc Trăng",2037,"Huyện Trần Đề","5911",2,3
247,"Lạng Sơn",2036,"Huyện Tràng Định","1002",3,3
240,"Tây Ninh",2035,"Huyện Trảng Bàng","4609",3,3
215,"Vĩnh Long",2034,"Huyện Trà Ôn","5706",3,3
214,"Trà Vinh",2033,"Huyện Trà Cú","5806",3,3
266,"Sơn La",2032,"Huyện Thuận Châu","1404",3,3
211,"Long An",2031,"Huyện Thủ Thừa","4909",2,3
216,"Đồng Tháp",2030,"Huyện Tháp Mười","5009",3,3
229,"Phú Thọ",2029,"Huyện Thanh Sơn","1508",3,3
213,"Bến Tre",2028,"Huyện Thạnh Phú","5608",3,3
232,"Hà Nam",2027,"Huyện Thanh Liêm","2405",2,3
216,"Đồng Tháp",2026,"Huyện Thanh Bình","5006",3,3
264,"Lai Châu",2025,"Huyện Than Uyên","0706",3,3
236,"Hà Tĩnh",2024,"Huyện Thạch Hà","3008",2,3
262,"Bình Định",2023,"Huyện Tuy Phước","3711",2,3
265,"Điện Biên",2022,"Huyện Tuần Giáo","6204",3,3
265,"Điện Biên",2021,"Huyện Tủa Chùa","6206",3,3
214,"Trà Vinh",2020,"Huyện Tiểu Cần","5804",3,3
230,"Quảng Ninh",2019,"Huyện Tiên Yên","1708",3,3
268,"Hưng Yên",2018,"Huyện Tiên Lữ","2206",2,3
264,"Lai Châu",2017,"Huyện Tân Uyên","0707",3,3
211,"Long An",2016,"Huyện Tân Trụ","4911",2,3
229,"Phú Thọ",2015,"Huyện Tân Sơn","1513",3,3
267,"Hòa Bình",2014,"Huyện Tân Lạc","2304",3,3
216,"Đồng Tháp",2013,"Huyện Tân Hồng","5003",3,3
258,"Bình Thuận",2012,"Huyện Tánh Linh","4708",3,3
216,"Đồng Tháp",2011,"Huyện Tam Nông","5005",3,3
264,"Lai Châu",2010,"Huyện Tam Đường","0702",3,3
221,"Vĩnh Phúc",2009,"Huyện Tam Dương","1602",2,3
215,"Vĩnh Long",2008,"Huyện Tam Bình","5705",3,3
266,"Sơn La",2007,"Huyện Sông Mã","1409",3,3
264,"Lai Châu",2006,"Huyện Sìn Hồ","0704",3,3
269,"Lào Cai",2005,"Huyện Sa Pa","0805",3,3
201,"Hà Nội",2004,"Huyện Quốc Oai","1B20",3,3
243,"Quảng Nam",2003,"Huyện Quế Sơn","3406",3,3
237,"Quảng Bình",2002,"Huyện Quảng Ninh","3106",2,3
227,"Hà Giang",2001,"Huyện Quang Bình","0511",3,3
234,"Thanh Hóa",2000,"Huyện Quan Sơn","2805",3,3
227,"Hà Giang",1999,"Huyện Quản Bạ","0505",3,3
253,"Bạc Liêu",1998,"Huyện Phước Long","6005",3,3
246,"Cao Bằng",1997,"Huyện Phục Hòa","0613",3,3
266,"Sơn La",1996,"Huyện Phù Yên","1406",3,3
243,"Quảng Nam",1995,"Huyện Phú Ninh","3417",2,3
229,"Phú Thọ",1994,"Huyện Phù Ninh","1509",3,3
260,"Phú Yên",1993,"Huyện Phú Hòa","3908",2,3
205,"Bình Dương",1992,"Huyện Phú Giáo","4406",3,3
244,"Thái Nguyên",1991,"Huyện Phú Bình","1208",3,3
244,"Thái Nguyên",1990,"Huyện Phổ Yên","1209",3,3
264,"Lai Châu",1989,"Huyện Phong Thổ","0703",3,3
242,"Quảng Ngãi",1988,"Huyện Nghĩa Hành","3508",2,3
243,"Quảng Nam",1987,"Huyện Núi Thành","3409",3,3
261,"Ninh Thuận",1986,"Huyện Ninh Phước","4504",2,3
261,"Ninh Thuận",1985,"Huyện Ninh Hải","4503",2,3
264,"Lai Châu",1984,"Huyện Nậm Nhùn","0708",3,3
231,"Nam Định",1983,"Huyện Nam Trực","2507",2,3
228,"Tuyên Quang",1982,"Huyện Na Hang","0903",3,3
231,"Nam Định",1981,"Huyện Mỹ Lộc","2502",2,3
264,"Lai Châu",1980,"Huyện Mường Tè","0705",3,3
265,"Điện Biên",1979,"Huyện Mường Nhé","6208",3,3
265,"Điện Biên",1978,"Huyện Mường Chà","6205",3,3
263,"Yên Bái",1977,"Huyện Mù Cang Chải","1305",3,3
266,"Sơn La",1976,"Huyện Mộc Châu","1410",3,3
213,"Bến Tre",1975,"Huyện Mỏ Cày Nam","5609",2,3
213,"Bến Tre",1974,"Huyện Mỏ Cày Bắc","5604",2,3
227,"Hà Giang",1973,"Huyện Mèo Vạc","0503",3,3
266,"Sơn La",1971,"Huyện Mai Sơn","1407",3,3
232,"Hà Nam",1970,"Huyện Lý Nhân","2404",2,3
249,"Bắc Ninh",1969,"Huyện Lương Tài","1908",3,3
267,"Hòa Bình",1968,"Huyện Lương Sơn","2307",3,3
263,"Yên Bái",1967,"Huyện Lục Yên","1309",3,3
248,"Bắc Giang",1966,"Huyện Lục Ngạn","1803",3,3
248,"Bắc Giang",1965,"Huyện Lục Nam","1805",2,3
239,"Bình Phước",1964,"Huyện Lộc Ninh","4305",3,3
247,"Lạng Sơn",1963,"Huyện Lộc Bình","1008",2,3
215,"Vĩnh Long",1962,"Huyện Long Hồ","5702",2,3
216,"Đồng Tháp",1961,"Huyện Lấp Vò","5008",3,3
221,"Vĩnh Phúc",1960,"Huyện Lập Thạch","1603",3,3
229,"Phú Thọ",1959,"Huyện Lâm Thao","1510",2,3
209,"Lâm Đồng",1958,"Huyện Lâm Hà","4210",3,3
228,"Tuyên Quang",1957,"Huyện Lâm Bình","0902",3,3
209,"Lâm Đồng",1956,"Huyện Lạc Dương","4206",2,3
267,"Hòa Bình",1955,"Huyện Kỳ Sơn","2306",2,3
210,"Đắk Lắk",1954,"Huyện Krông Pắc","4007",3,3
225,"Hải Dương",1953,"Huyện Kim Thành","2111",3,3
232,"Hà Nam",1952,"Huyện Kim Bảng","2403",2,3
226,"Thái Bình",1951,"Huyện Kiến Xương","2606",2,3
219,"Kiên Giang",1950,"Huyện Kiên Lương","5403",3,3
218,"Sóc Trăng",1949,"Huyện Kế Sách","5902",3,3
247,"Lạng Sơn",1948,"Huyện Hữu Lũng","1011",3,3
235,"Nghệ An",1947,"Huyện Hưng Nguyên","2918",2,3
253,"Bạc Liêu",1946,"Huyện Hồng Dân","6003",3,3
227,"Hà Giang",1945,"Huyện Hoàng Su Phì","0508",3,3
233,"Ninh Bình",1944,"Huyện Hoa Lư","2705",2,3
246,"Cao Bằng",1943,"Huyện Hòa An","0608",3,3
234,"Thanh Hóa",1942,"Huyện Hậu Lộc","2824",3,3
228,"Tuyên Quang",1941,"Huyện Hàm Yên","0905",3,3
230,"Quảng Ninh",1940,"Huyện Hải Hà","1707",3,3
246,"Cao Bằng",1939,"Huyện Hà Quảng","0604",3,3
229,"Phú Thọ",1938,"Huyện Hạ Hòa","1505",3,3
213,"Bến Tre",1937,"Huyện Giồng Trôm","5605",2,3
238,"Quảng Trị",1936,"Huyện Gio Linh","3204",2,3
253,"Bạc Liêu",1935,"Huyện Giá Rai","6004",3,3
225,"Hải Dương",1934,"Huyện Gia Lộc","2105",2,3
212,"Tiền Giang",1933,"Huyện Gò Công Tây","5307",2,3
212,"Tiền Giang",1932,"Huyện Gò Công Đông","5308",3,3
210,"Đắk Lắk",1931,"Huyện Ea Kar","4008",3,3
242,"Quảng Ngãi",1930,"Huyện Đức Phổ","3511",3,3
211,"Long An",1929,"Huyện Đức Hòa","4907",3,3
227,"Hà Giang",1928,"Huyện Đồng Văn","0502",3,3
234,"Thanh Hóa",1927,"Huyện Đông Sơn","2820",2,3
253,"Bạc Liêu",1926,"Huyện Đông Hải","6006",3,3
229,"Phú Thọ",1925,"Huyện Đoan Hùng","1503",3,3
244,"Thái Nguyên",1924,"Huyện Định Hóa","1203",3,3
265,"Điện Biên",1923,"Huyện Điện Biên","6203",3,3
252,"Cà Mau",1922,"Huyện Đầm Dơi","6106",3,3
259,"Kon Tum",1921,"Huyện Đắk Glei","3602",3,3
230,"Quảng Ninh",1920,"Huyện đảo Vân Đồn","1713",3,3
209,"Lâm Đồng",1919,"Huyện Đam Rông","4212",3,3
244,"Thái Nguyên",1918,"Huyện Đại Từ","1206",3,3
243,"Quảng Nam",1917,"Huyện Đại Lộc","3405",3,3
267,"Hòa Bình",1916,"Huyện Đà Bắc","2302",2,3
201,"Hà Nội",1915,"Huyện Chương Mỹ","1B21",3,3
245,"Bắc Kạn",1914,"Huyện Chợ Mới","1107",3,3
245,"Bắc Kạn",1913,"Huyện Chợ Đồn","1102",3,3
250,"Hậu Giang",1912,"Huyện Châu Thành A","6406",3,3
214,"Trà Vinh",1911,"Huyện Châu Thành","5805",2,3
218,"Sóc Trăng",1910,"Huyện Châu Thành","5910",2,3
211,"Long An",1909,"Huyện Châu Thành","4910",2,3
214,"Trà Vinh",1908,"Huyện Cầu Ngang","5807",3,3
211,"Long An",1907,"Huyện Cần Giuộc","4913",3,3
211,"Long An",1906,"Huyện Cần Đước","4912",3,3
229,"Phú Thọ",1905,"Huyện Cẩm Khê","1506",3,3
247,"Lạng Sơn",1904,"Huyện Cao Lộc","1007",2,3
238,"Quảng Trị",1903,"Huyện Cam Lộ","3205",2,3
208,"Khánh Hòa",1902,"Huyện Cam Lâm","4109",3,3
252,"Cà Mau",1901,"Huyện Cái Nước","6105",3,3
212,"Tiền Giang",1900,"Huyện Cái Bè","5303",3,3
239,"Bình Phước",1899,"Huyện Bù Đăng","4308",3,3
242,"Quảng Ngãi",1898,"Huyện Bình Sơn","3503",3,3
232,"Hà Nam",1897,"Huyện Bình Lục","2406",2,3
230,"Quảng Ninh",1896,"Huyện Bình Liêu","1705",3,3
213,"Bến Tre",1895,"Huyện Bình Đại","5606",3,3
211,"Long An",1894,"Huyện Bến Lức","4908",2,3
227,"Hà Giang",1893,"Huyện Bắc Quang","0510",3,3
269,"Lào Cai",1892,"Huyện Bắc Hà","0808",3,3
269,"Lào Cai",1891,"Huyện Bảo Yên","0807",3,3
246,"Cao Bằng",1890,"Huyện Bảo Lâm","0612",3,3
245,"Bắc Kạn",1889,"Huyện Bạch Thông","1103",3,3
213,"Bến Tre",1888,"Huyện Ba Tri","5607",3,3
245,"Bắc Kạn",1887,"Huyện Ba Bể","1106",3,3
262,"Bình Định",1886,"Huyện An Lão","3702",3,3
223,"Thừa Thiên - Huế",1885,"Huyện A Lưới","3309",3,3
210,"Đắk Lắk",1884,"Huyện Krông Ana","4010",3,3
252,"Cà Mau",1883,"Huyện Phú Tân","6109",3,3
223,"Thừa Thiên - Huế",1882,"Huyện Phú Lộc","3307",3,3
234,"Thanh Hóa",1881,"Huyện Vĩnh Lộc","2816",3,3
234,"Thanh Hóa",1880,"Huyện Thạch Thành","2813",3,3
234,"Thanh Hóa",1879,"Huyện Quan Hóa","2804",3,3
234,"Thanh Hóa",1878,"Huyện Mường Lát","2806",3,3
234,"Thanh Hóa",1877,"Huyện Hà Trung","2821",2,3
234,"Thanh Hóa",1876,"Thị xã Bỉm Sơn","2802",3,3
234,"Thanh Hóa",1875,"Huyện Yên Định","2827",3,3
234,"Thanh Hóa",1874,"Huyện Ngọc Lặc","2812",3,3
234,"Thanh Hóa",1873,"Huyện Thọ Xuân","2815",3,3
234,"Thanh Hóa",1872,"Huyện Thường Xuân","2808",3,3
234,"Thanh Hóa",1871,"Huyện Như Xuân","2809",3,3
234,"Thanh Hóa",1870,"Huyện Tĩnh Gia","2826",3,3
226,"Thái Bình",1869,"Huyện Thái Thụy","2608",2,3
226,"Thái Bình",1868,"Huyện Quỳnh Phụ","2602",3,3
226,"Thái Bình",1867,"Huyện Hưng Hà","2603",3,3
240,"Tây Ninh",1866,"Huyện Gò Dầu","4608",3,3
240,"Tây Ninh",1865,"Huyện Bến Cầu","4607",3,3
240,"Tây Ninh",1864,"Huyện Dương Minh Châu","4604",2,3
240,"Tây Ninh",1863,"Huyện Tân Châu","4603",3,3
240,"Tây Ninh",1862,"Huyện Tân Biên","4602",3,3
238,"Quảng Trị",1861,"Huyện Vĩnh Linh","3203",3,3
238,"Quảng Trị",1860,"Huyện Hướng Hóa","3208",3,3
237,"Quảng Bình",1859,"Thị xã Ba Đồn","3108",3,3
237,"Quảng Bình",1858,"Huyện Bố Trạch","3105",2,3
237,"Quảng Bình",1857,"Huyện Lệ Thủy","3107",3,3
260,"Phú Yên",1856,"Thị Xã Sông Cầu","3903",3,3
261,"Ninh Thuận",1855,"Huyện Ninh Sơn","4502",3,3
235,"Nghệ An",1854,"Huyện Nghi Lộc","2916",2,3
235,"Nghệ An",1853,"Huyện Con Cuông","2909",3,3
235,"Nghệ An",1852,"Huyện Quỳ Hợp","2904",3,3
235,"Nghệ An",1851,"Huyện Nghĩa Đàn","2905",3,3
235,"Nghệ An",1850,"Thị xã Thái Hòa","2920",3,3
235,"Nghệ An",1849,"Thị xã Hoàng Mai","2921",3,3
235,"Nghệ An",1848,"Huyện Quỳnh Lưu","2906",3,3
235,"Nghệ An",1847,"Huyện Diễn Châu","2912",3,3
235,"Nghệ An",1846,"Huyện Yên Thành","2911",3,3
235,"Nghệ An",1845,"Huyện Tân Kỳ","2910",3,3
235,"Nghệ An",1844,"Huyện Anh Sơn","2913",3,3
235,"Nghệ An",1843,"Huyện Đô Lương","2914",3,3
235,"Nghệ An",1842,"Thị xã Cửa Lò","2902",2,3
231,"Nam Định",1841,"Huyện Ý Yên","2505",3,3
231,"Nam Định",1840,"Huyện Hải Hậu","2510",3,3
209,"Lâm Đồng",1839,"Huyện Bảo Lâm","4211",3,3
209,"Lâm Đồng",1838,"Thành phố Bảo Lộc","4202",1,3
209,"Lâm Đồng",1837,"Huyện Đức Trọng","4203",3,3
209,"Lâm Đồng",1836,"Huyện Đơn Dương","4205",3,3
259,"Kon Tum",1835,"Huyện Đắk Hà","3607",3,3
259,"Kon Tum",1834,"Huyện Kon Plông","3606",3,3
219,"Kiên Giang",1833,"Huyện An Biên","5409",3,3
219,"Kiên Giang",1832,"Huyện Giồng Riềng","5407",3,3
219,"Kiên Giang",1831,"Huyện Tân Hiệp","5405",3,3
219,"Kiên Giang",1830,"Huyện Hòn Đất","5404",3,3
208,"Khánh Hòa",1829,"Huyện Vạn Ninh","4102",3,3
268,"Hưng Yên",1828,"Huyện Yên Mỹ","2205",3,3
268,"Hưng Yên",1827,"Huyện Mỹ Hào","2208",3,3
268,"Hưng Yên",1826,"Huyện Khoái Châu","2204",3,3
268,"Hưng Yên",1825,"Huyện Ân Thi","2203",3,3
250,"Hậu Giang",1824,"Huyện Phụng Hiệp","6404",3,3
250,"Hậu Giang",1823,"Thị xã Ngã Bảy","6407",3,3
224,"Hải Phòng",1822,"Huyện Vĩnh Bảo","0312",3,3
224,"Hải Phòng",1821,"Huyện Tiên Lãng","0311",3,3
224,"Hải Phòng",1820,"Huyện An Lão","0307",3,3
224,"Hải Phòng",1819,"Huyện An Dương","0310",2,3
225,"Hải Dương",1818,"Huyện Kinh Môn","2104",3,3
225,"Hải Dương",1817,"Huyện Cẩm Giàng","2109",2,3
225,"Hải Dương",1816,"Huyện Bình Giang","2112",2,3
236,"Hà Tĩnh",1815,"Huyện Cẩm Xuyên","3009",2,3
236,"Hà Tĩnh",1814,"Thị xã Hồng Lĩnh","3002",3,3
236,"Hà Tĩnh",1813,"Huyện Nghi Xuân","3005",3,3
236,"Hà Tĩnh",1812,"Huyện Hương Khê","3007",3,3
236,"Hà Tĩnh",1811,"Huyện Kỳ Anh","3010",3,3
201,"Hà Nội",1810,"Huyện Ứng Hòa","1B26",3,3
201,"Hà Nội",1809,"Huyện Thanh Oai","1B24",3,3
201,"Hà Nội",1808,"Huyện Thạch Thất","1B19",3,3
201,"Hà Nội",1807,"Huyện Phúc Thọ","1B18",3,3
201,"Hà Nội",1806,"Huyện Mỹ Đức","1B25",3,3
201,"Hà Nội",1805,"Huyện Hoài Đức","1B23",3,3
201,"Hà Nội",1804,"Huyện Đan Phượng","1B22",3,3
201,"Hà Nội",1803,"Huyện Ba Vì","1B17",3,3
232,"Hà Nam",1802,"Huyện Duy Tiên","2402",2,3
207,"Gia Lai",1801,"Huyện Chư Păh","3802",2,3
207,"Gia Lai",1800,"Thị xã An Khê","3805",3,3
207,"Gia Lai",1799,"Huyện Ia Pa","3814",3,3
207,"Gia Lai",1798,"Thị xã Ayun Pa","3810",3,3
207,"Gia Lai",1797,"Huyện Phú Thiện","3816",3,3
207,"Gia Lai",1796,"Huyện Chư Sê","3809",3,3
207,"Gia Lai",1795,"Huyện Chư Prông","3808",3,3
207,"Gia Lai",1794,"Huyện Đức Cơ","3807",3,3
207,"Gia Lai",1793,"Huyện Ia Grai","3812",2,3
241,"Đắk Nông",1792,"Huyện Đắk Mil","6303",3,3
241,"Đắk Nông",1791,"Huyện Đắk Glong","6307",3,3
241,"Đắk Nông",1790,"Huyện Đắk R lấp","6302",3,3
210,"Đắk Lắk",1789,"Huyện Krông Bông","4011",3,3
210,"Đắk Lắk",1788,"Thị xã Buôn Hồ","4015",3,3
210,"Đắk Lắk",1787,"Huyện Krông Năng","4004",3,3
210,"Đắk Lắk",1786,"Huyện Ea H leo","4002",3,3
210,"Đắk Lắk",1785,"Huyện Cư M gar","4006",2,3
210,"Đắk Lắk",1784,"Huyện Buôn Ðôn","4013",3,3
252,"Cà Mau",1783,"Huyện Năm Căn","6108",3,3
252,"Cà Mau",1782,"Huyện Thới Bình","6102",3,3
258,"Bình Thuận",1781,"Huyện Tuy Phong","4702",3,3
258,"Bình Thuận",1780,"Huyện Bắc Bình","4703",3,3
258,"Bình Thuận",1779,"Huyện Đức Linh","4707",3,3
258,"Bình Thuận",1778,"Thị xã La Gi","4710",3,3
258,"Bình Thuận",1777,"Huyện Hàm Thuận Bắc","4704",2,3
258,"Bình Thuận",1776,"Huyện Hàm Thuận Nam","4705",3,3
239,"Bình Phước",1775,"Thị xã Phước Long","4307",3,3
239,"Bình Phước",1774,"Thị xã Bình Long","4304",3,3
239,"Bình Phước",1773,"Huyện Hớn Quản","4309",3,3
239,"Bình Phước",1772,"Huyện Chơn Thành","4303",3,3
262,"Bình Định",1771,"Huyện Hoài Nhơn","3704",3,3
262,"Bình Định",1770,"Huyện Phù Cát","3706",3,3
262,"Bình Định",1769,"Thị xã An Nhơn","3710",3,3
249,"Bắc Ninh",1768,"Huyện Yên Phong","1902",2,3
249,"Bắc Ninh",1767,"Huyện Thuận Thành","1906",2,3
249,"Bắc Ninh",1766,"Huyện Gia Bình","1907",3,3
248,"Bắc Giang",1765,"Huyện Yên Thế","1802",3,3
248,"Bắc Giang",1764,"Huyện Yên Dũng","1810",2,3
248,"Bắc Giang",1763,"Huyện Việt Yên","1809",2,3
248,"Bắc Giang",1762,"Huyện Tân Yên","1806",3,3
248,"Bắc Giang",1761,"Huyện Sơn Động","1804",3,3
248,"Bắc Giang",1760,"Huyện Lạng Giang","1808",3,3
248,"Bắc Giang",1759,"Huyện Hiệp Hòa","1807",3,3
217,"An Giang",1758,"Huyện Châu Phú","5108",3,3
217,"An Giang",1757,"Huyện Chợ Mới","5109",3,3
217,"An Giang",1756,"Huyện Phú Tân","5105",3,3
217,"An Giang",1755,"Huyện Tân Châu","5104",3,3
217,"An Giang",1754,"Huyện An Phú","5103",3,3
217,"An Giang",1753,"Thành phố Châu Đốc","5102",1,3
217,"An Giang",1752,"Huyện Tịnh Biên","5106",3,3
217,"An Giang",1751,"Huyện Tri Tôn","5107",3,3
217,"An Giang",1750,"Huyện Thoại Sơn","5111",3,3
223,"Thừa Thiên - Huế",1749,"Huyện Phú Vang","3305",3,3
234,"Thanh Hóa",1748,"Huyện Hoằng Hóa","2822",2,3
234,"Thanh Hóa",1747,"Huyện Quảng Xương","2825",2,3
205,"Bình Dương",1746,"Huyện Dầu Tiếng","4407",3,3
228,"Tuyên Quang",1745,"Huyện Yên Sơn","0906",2,3
269,"Lào Cai",1744,"Huyện Bát Xát","0803",2,3
218,"Sóc Trăng",1743,"Huyện Mỹ Xuyên","5904",2,3
213,"Bến Tre",1742,"Huyện Châu Thành","5602",2,3
212,"Tiền Giang",1741,"Huyện Chợ Gạo","5306",2,3
212,"Tiền Giang",1740,"Huyện Châu Thành","5305",2,3
208,"Khánh Hòa",1739,"Huyện Diên Khánh","4104",2,3
242,"Quảng Ngãi",1738,"Huyện Tư Nghĩa","3507",2,3
242,"Quảng Ngãi",1737,"Huyện Sơn Tịnh","3505",2,3
243,"Quảng Nam",1736,"Huyện Điện Bàn","3404",2,3
243,"Quảng Nam",1735,"Huyện Duy Xuyên","3403",2,3
221,"Vĩnh Phúc",1734,"Huyện Yên Lạc","1605",2,3
221,"Vĩnh Phúc",1733,"Huyện Vĩnh Tường","1604",2,3
221,"Vĩnh Phúc",1732,"Huyện Bình Xuyên","1606",2,3
244,"Thái Nguyên",1731,"Huyện Đồng Hỷ","1207",2,3
249,"Bắc Ninh",1730,"Thị xã Từ Sơn","1905",2,3
249,"Bắc Ninh",1729,"Huyện Tiên Du","1904",2,3
249,"Bắc Ninh",1728,"Huyện Quế Võ","1903",2,3
225,"Hải Dương",1727,"Huyện Nam Sách","2103",2,3
224,"Hải Phòng",1726,"Huyện Thủy Nguyên","0309",2,3
216,"Đồng Tháp",1725,"Huyện Lai Vung","5010",2,3
216,"Đồng Tháp",1724,"Huyện Cao Lãnh","5007",2,3
253,"Bạc Liêu",1723,"Huyện Hòa Bình","6007",2,3
239,"Bình Phước",1722,"Huyện Đồng Phú","4302",2,3
240,"Tây Ninh",1721,"Huyện Hòa Thành","4606",2,3
240,"Tây Ninh",1720,"Huyện Châu Thành","4605",2,3
219,"Kiên Giang",1719,"Huyện Châu Thành","5406",2,3
217,"An Giang",1718,"Huyện Châu Thành","5110",2,3
268,"Hưng Yên",1717,"Huyện Kim Động","2202",2,3
226,"Thái Bình",1716,"Huyện Vũ Thư","2605",2,3
226,"Thái Bình",1715,"Huyện Đông Hưng","2604",2,3
233,"Ninh Bình",1714,"Huyện Yên Khánh","2708",2,3
233,"Ninh Bình",1713,"Thị xã Tam Điệp","2702",1,3
234,"Thanh Hóa",1712,"Thị xã Sầm Sơn","2803",2,3
201,"Hà Nội",1711,"Thị xã Sơn Tây","1B16",3,3
201,"Hà Nội",1710,"Huyện Thanh Trì","1A11",3,3
206,"Bà Rịa - Vũng Tàu",1709,"Huyện Châu Đức","5207",2,3
204,"Đồng Nai",1708,"Huyện Nhơn Trạch","4809",3,3
224,"Hải Phòng",1707,"Quận Đồ Sơn","0306",3,3
224,"Hải Phòng",1706,"Quận Dương Kinh","0315",2,3
204,"Đồng Nai",1705,"Huyện Thống Nhất","4805",3,3
204,"Đồng Nai",1704,"Huyện Xuân Lộc","4807",3,3
201,"Hà Nội",1703,"Huyện Gia Lâm","1A12",3,3
204,"Đồng Nai",1702,"Huyện Cẩm Mỹ","4811",3,3
206,"Bà Rịa - Vũng Tàu",1701,"Thị Xã Phú Mỹ","5206",2,3
204,"Đồng Nai",1700,"Huyện Định Quán","4804",3,3
206,"Bà Rịa - Vũng Tàu",1699,"Huyện Xuyên Mộc","5203",3,3
223,"Thừa Thiên - Huế",1698,"Thị xã Hương Thủy","3306",2,3
223,"Thừa Thiên - Huế",1697,"Thị xã Hương Trà","3304",2,3
205,"Bình Dương",1696,"Thị xã Bến Cát","4402",3,3
205,"Bình Dương",1695,"Thị xã Tân Uyên","4403",2,3
204,"Đồng Nai",1694,"Huyện Long Thành","4808",3,3
204,"Đồng Nai",1693,"Huyện Tân Phú","4803",3,3
204,"Đồng Nai",1692,"Thành phố Long Khánh","4806",1,3
204,"Đồng Nai",1691,"Huyện Trảng Bom","4810",3,3
206,"Bà Rịa - Vũng Tàu",1690,"Huyện Đất Đỏ","5208",2,3
206,"Bà Rịa - Vũng Tàu",1689,"Huyện Long Điền","5204",2,3
206,"Bà Rịa - Vũng Tàu",1688,"TT Phú Mỹ - cũ","5200",2,0
203,"Đà Nẵng",1687,"Huyện Hòa Vang","0406",3,3
230,"Quảng Ninh",1686,"Thành phố Uông Bí","1703",1,3
260,"Phú Yên",1685,"Phú Yên","0111",1,3
244,"Thái Nguyên",1684,"Thị xã Sông Công","1202",2,3
230,"Quảng Ninh",1683,"Thành phố Cẩm Phả","1702",1,3
269,"Lào Cai",1682,"Thành phố Lào Cai","0801",1,3
269,"Lào Cai",1681,"Lào Cai","",1,3
268,"Hưng Yên",1680,"Thành phố Hưng Yên","2201",1,3
268,"Hưng Yên",1679,"Hưng Yên","",1,3
267,"Hòa Bình",1678,"Thành phố Hòa Bình","2301",1,3
266,"Sơn La",1677,"Thành phố Sơn La","1401",1,3
265,"Điện Biên",1676,"Thành phố Điện Biên Phủ","6201",1,3
264,"Lai Châu",1675,"Thành phố Lai Châu","0701",1,3
263,"Yên Bái",1674,"Thành phố Yên Bái","1301",1,3
267,"Hòa Bình",1673,"Hoà Bình","",1,3
266,"Sơn La",1672,"Sơn La","",1,3
265,"Điện Biên",1671,"Điện Biên","",1,3
264,"Lai Châu",1670,"Lai Châu","",1,3
263,"Yên Bái",1669,"Yên Bái","",1,3
216,"Đồng Tháp",1668,"Thành phố Sa Đéc","5002",1,3
206,"Bà Rịa - Vũng Tàu",1667,"Thành phố Bà Rịa","5202",1,3
258,"Bình Thuận",1666,"Thành phố Phan Thiết","4701",1,3
261,"Ninh Thuận",1665,"Thành phố Phan Rang – Tháp Chàm","4501",1,3
208,"Khánh Hòa",1664,"Thành phố Cam Ranh","4106",1,3
260,"Phú Yên",1663,"Thành phố Tuy Hòa","3901",1,3
262,"Bình Định",1662,"Thành phố Quy Nhơn","3701",1,3
262,"Bình Định",1661,"Bình Định","",1,3
259,"Kon Tum",1660,"Thành phố Kon Tum","3601",1,3
261,"Ninh Thuận",1659,"Ninh Thuận","",1,3
260,"Phú Yên",1658,"Phú Yên","0111X",1,0
259,"Kon Tum",1657,"Kon Tum","",1,3
258,"Bình Thuận",1656,"Bình Thuận","112",1,3
253,"Bạc Liêu",1655,"Thành phố Bạc Liêu","6001",1,3
252,"Cà Mau",1654,"Thành phố Cà Mau","6101",1,3
250,"Hậu Giang",1653,"Thành phố Vị Thanh","6401",1,3
257,,1652,"Long An","vvv",1,0
253,"Bạc Liêu",1648,"Bạc Liêu","",1,3
252,"Cà Mau",1647,"Cà Mau","",1,3
250,"Hậu Giang",1645,"Hậu Giang","",1,3
249,"Bắc Ninh",1644,"Thành phố Bắc Ninh","1901",1,3
248,"Bắc Giang",1643,"Thành phố Bắc Giang","1801",1,3
247,"Lạng Sơn",1642,"Thành phố Lạng Sơn","1001",1,3
246,"Cao Bằng",1641,"Thành phố Cao Bằng","0601",1,3
245,"Bắc Kạn",1640,"Thành phố Bắc Kạn","1101",1,3
244,"Thái Nguyên",1639,"Thành phố Thái Nguyên","1201",1,3
249,"Bắc Ninh",1638,"Bắc Ninh","",1,3
248,"Bắc Giang",1637,"Bắc Giang","",1,3
247,"Lạng Sơn",1636,"Lạng Sơn","",1,3
246,"Cao Bằng",1635,"Cao Bằng","",1,3
245,"Bắc Kạn",1634,"Bắc Kạn","",1,3
244,"Thái Nguyên",1633,"Thái Nguyên","",1,3
243,"Quảng Nam",1632,"Thành phố Hội An","3402",1,3
243,"Quảng Nam",1631,"Thành phố Tam Kỳ","3401",1,3
242,"Quảng Ngãi",1630,"Thành phố Quảng Ngãi","3501",1,3
243,"Quảng Nam",1629,"Quảng Nam","",1,3
242,"Quảng Ngãi",1628,"Quảng Ngãi","",1,3
241,"Đắk Nông",1627,"Thị xã Gia Nghĩa","6301",1,3
240,"Tây Ninh",1626,"Thành phố Tây Ninh","4601",1,3
239,"Bình Phước",1625,"Thị xã Đồng Xoài","4301",1,3
241,"Đắk Nông",1624,"Đắc Nông","",1,3
240,"Tây Ninh",1623,"Tây Ninh","",1,3
239,"Bình Phước",1622,"Bình Phước","",1,3
238,"Quảng Trị",1621,"Thị xã Quảng Trị","3202",3,3
238,"Quảng Trị",1620,"Thành phố Đông Hà","3201",1,3
237,"Quảng Bình",1619,"Thành phố Đồng Hới","3101",1,3
236,"Hà Tĩnh",1618,"Thành phố Hà Tĩnh","3001",1,3
235,"Nghệ An",1617,"Thành phố Vinh","2901",1,3
234,"Thanh Hóa",1616,"Thành phố Thanh Hóa","2801",1,3
233,"Ninh Bình",1615,"Thành phố Ninh Bình","2701",1,3
232,"Hà Nam",1614,"Thành phố Phủ Lý","2401",1,3
231,"Nam Định",1613,"Thành phố Nam Định","2501",1,3
238,"Quảng Trị",1612,"Quảng Trị","",1,3
237,"Quảng Bình",1611,"Quảng Bình","",1,3
236,"Hà Tĩnh",1610,"Hà Tĩnh","",1,3
235,"Nghệ An",1609,"Nghệ An","",1,3
234,"Thanh Hóa",1608,"Thanh Hoá","",1,3
233,"Ninh Bình",1607,"Ninh Bình","",1,3
232,"Hà Nam",1606,"Hà Nam","",1,3
231,"Nam Định",1605,"Nam Định","",1,3
230,"Quảng Ninh",1604,"Thành phố Hạ Long","1701",1,3
230,"Quảng Ninh",1603,"Thành phố Móng Cái","1704",1,3
229,"Phú Thọ",1602,"Thành phố Việt Trì","1501",1,3
228,"Tuyên Quang",1601,"Thành phố Tuyên Quang","0901",1,3
227,"Hà Giang",1600,"Thành phố Hà Giang","0501",1,3
226,"Thái Bình",1599,"Thành phố Thái Bình","2601",1,3
225,"Hải Dương",1598,"Thành phố Hải Dương","2101",1,3
230,"Quảng Ninh",1597,"Quảng Ninh","",1,3
229,"Phú Thọ",1596,"Phú Thọ","",1,3
228,"Tuyên Quang",1595,"Tuyên Quang","",1,3
227,"Hà Giang",1594,"Hà Giang","",1,3
226,"Thái Bình",1593,"Thái Bình","",1,3
225,"Hải Dương",1592,"Hải Dương","",1,3
224,"Hải Phòng",1591,"Quận Hải An","0305",1,3
224,"Hải Phòng",1590,"Quận Kiến An","0304",2,3
224,"Hải Phòng",1589,"Quận Hồng Bàng","0301",1,3
224,"Hải Phòng",1588,"Quận Lê Chân","0302",1,3
224,"Hải Phòng",1587,"Quận Ngô Quyền","0303",1,3
224,"Hải Phòng",1586,"Hải Phòng","31",1,3
223,"Thừa Thiên - Huế",1585,"Thành phố Huế","3301",1,3
223,"Thừa Thiên - Huế",1584,"Thừa Thiên Huế","",1,3
201,"Hà Nội",1583,"Huyện Sóc Sơn","1A14",3,3
201,"Hà Nội",1582,"Huyện Đông Anh","1A13",3,3
201,"Hà Nội",1581,"Huyện Mê Linh","1B29",3,3
202,"Hồ Chí Minh",1580,"Quận Đặc Biệt","02202",1,3
221,"Vĩnh Phúc",1578,"Thành phố Vĩnh Yên","1601",1,3
221,"Vĩnh Phúc",1577,"Vĩnh Phúc","",1,3
220,"Cần Thơ",1576,"Quận Thốt Nốt","5508",2,3
220,"Cần Thơ",1575,"Quận Ô Môn","5504",2,3
220,"Cần Thơ",1574,"Quận Cái Răng","5503",1,3
220,"Cần Thơ",1573,"Quận Bình Thủy","5502",1,3
220,"Cần Thơ",1572,"Quận Ninh Kiều","5501",1,3
220,"Cần Thơ",1571,"Cần Thơ","",1,2
219,"Kiên Giang",1570,"Thành phố Rạch Giá","5401",1,3
219,"Kiên Giang",1569,"Kiên Giang","",1,3
218,"Sóc Trăng",1568,"Thành phố Sóc Trăng","5901",1,3
218,"Sóc Trăng",1567,"Sóc Trăng","",1,2
217,"An Giang",1566,"Thành phố Long Xuyên","5101",1,3
217,"An Giang",1565,"An Giang","76",1,3
216,"Đồng Tháp",1564,"Thành phố Cao Lãnh","5001",1,3
216,"Đồng Tháp",1563,"Đồng Tháp","xxx",1,3
215,"Vĩnh Long",1562,"Thành phố Vĩnh Long","5701",1,3
215,"Vĩnh Long",1561,"Vĩnh Long","",1,2
214,"Trà Vinh",1560,"Thành phố Trà Vinh","5801",1,3
214,"Trà Vinh",1559,"Trà Vinh","",1,3
213,"Bến Tre",1558,"Thành phố Bến Tre","5601",1,3
213,"Bến Tre",1557,"Bến Tre","",1,3
212,"Tiền Giang",1556,"Thành phố Mỹ Tho","5301",1,3
212,"Tiền Giang",1555,"Tiền Giang","",1,3
211,"Long An",1554,"Thành phố Tân An","4901",1,3
211,"Long An",1553,"Long An","",1,3
210,"Đắk Lắk",1552,"Thành phố Buôn Ma Thuột","4001",1,3
210,"Đắk Lắk",1551,"ĐĂK LĂK","",1,3
209,"Lâm Đồng",1550,"Thành phố Đà Lạt","4201",1,3
209,"Lâm Đồng",1549,"Lâm Đồng","",1,3
208,"Khánh Hòa",1548,"Thành phố Nha Trang","4101",1,3
208,"Khánh Hòa",1547,"Khánh Hòa","",1,3
207,"Gia Lai",1546,"Thành phố Pleiku","3801",1,3
207,"Gia Lai",1545,"Gia Lai","",1,3
206,"Bà Rịa - Vũng Tàu",1544,"Thành phố Vũng Tàu","5201",1,3
206,"Bà Rịa - Vũng Tàu",1543,"Bà Rịa - Vũng Tàu","",1,2
201,"Hà Nội",1542,"Quận Hà Đông","1B15",2,3
205,"Bình Dương",1541,"Thị xã Thuận An","4404",2,3
205,"Bình Dương",1540,"Thị xã Dĩ An","4405",1,3
205,"Bình Dương",1539,"Bình Dương","",1,3
205,"Bình Dương",1538,"Thành phố Thủ Dầu Một","4401",1,3
204,"Đồng Nai",1537,"Đồng Nai","",1,3
204,"Đồng Nai",1536,"Thành phố Biên Hòa","4801",1,3
201,"Hà Nội",1535,"Hà Nội","",1,3
202,"Hồ Chí Minh",1534,"Huyện Nhà Bè","0223",3,3
202,"Hồ Chí Minh",1533,"Huyện Bình Chánh","0220",3,3
203,"Đà Nẵng",1532,"Đà Nẵng","",1,3
203,"Đà Nẵng",1531,"Quận Cẩm Lệ","0407",1,3
203,"Đà Nẵng",1530,"Quận Liên Chiểu","0405",1,3
203,"Đà Nẵng",1529,"Quận Ngũ Hành Sơn","0404",1,3
203,"Đà Nẵng",1528,"Quận Sơn Trà","0403",1,3
203,"Đà Nẵng",1527,"Quận Thanh Khê","0402",1,3
203,"Đà Nẵng",1526,"Quận Hải Châu","0401",1,3
201,"Hà Nội",1493,"Quận Thanh Xuân","1A07",1,3
201,"Hà Nội",1492,"Quận Tây Hồ","1A05",1,3
201,"Hà Nội",1491,"Quận Long Biên","1A09",2,3
201,"Hà Nội",1490,"Quận Hoàng Mai","1A08",1,3
201,"Hà Nội",1489,"Quận Hoàn Kiếm","1A02",1,3
201,"Hà Nội",1488,"Quận Hai Bà Trưng","1A03",1,3
201,"Hà Nội",1486,"Quận Đống Đa","1A04",1,3
201,"Hà Nội",1485,"Quận Cầu Giấy","1A06",1,3
201,"Hà Nội",1484,"Quận Ba Đình","1A01",1,3
201,"Hà Nội",1482,"Quận Bắc Từ Liêm","0110",2,3
202,"Hồ Chí Minh",1464,"Tp HCM","",1,3
202,"Hồ Chí Minh",1463,"Quận Thủ Đức","0218",2,3
202,"Hồ Chí Minh",1462,"Quận Bình Thạnh","0216",1,3
202,"Hồ Chí Minh",1461,"Quận Gò Vấp","0213",1,3
202,"Hồ Chí Minh",1460,"Huyện Củ Chi","0221",3,3
202,"Hồ Chí Minh",1459,"Huyện Hóc Môn","0222",3,3
202,"Hồ Chí Minh",1458,"Quận Bình Tân","0219",2,3
202,"Hồ Chí Minh",1457,"Quận Phú Nhuận","0217",1,3
202,"Hồ Chí Minh",1456,"Quận Tân Phú","0215",1,3
202,"Hồ Chí Minh",1455,"Quận Tân Bình","0214",1,3
202,"Hồ Chí Minh",1454,"Quận 12","0212",2,3
202,"Hồ Chí Minh",1453,"Quận 11","0211",1,3
202,"Hồ Chí Minh",1452,"Quận 10","0210",1,3
202,"Hồ Chí Minh",1451,"Quận 9","0209",2,3
202,"Hồ Chí Minh",1450,"Quận 8","0208",1,3
202,"Hồ Chí Minh",1449,"Quận 7","0207",1,3
202,"Hồ Chí Minh",1448,"Quận 6","0206",1,3
202,"Hồ Chí Minh",1447,"Quận 5","0205",1,3
202,"Hồ Chí Minh",1446,"Quận 4","0204",1,3
202,"Hồ Chí Minh",1444,"Quận 3","0203",1,3
202,"Hồ Chí Minh",1443,"Quận 2","0202",1,3
202,"Hồ Chí Minh",1442,"Quận 1","0201",1,3