name,level,level_en,province,province_id
Ba Đình,Quận,Urban District,Hà Nội,ha-noi
Hoàn Kiếm,Quận,Urban District,Hà Nội,ha-noi
Tây Hồ,Quận,Urban District,Hà Nội,ha-noi
Long Biên,Quận,Urban District,Hà Nội,ha-noi
Cầu Giấy,Quận,Urban District,Hà Nội,ha-noi
Đống Đa,Quận,Urban District,Hà Nội,ha-noi
Hai Bà Trưng,Quận,Urban District,Hà Nội,ha-noi
Hoàng Mai,Quận,Urban District,Hà Nội,ha-noi
Thanh Xuân,Quận,Urban District,Hà Nội,ha-noi
Sóc Sơn,Huyện,Rural District,Hà Nội,ha-noi
Đông Anh,Huyện,Rural District,Hà Nội,ha-noi
Gia Lâm,Huyện,Rural District,Hà Nội,ha-noi
Nam Từ Liêm,Quận,Urban District,Hà Nội,ha-noi
Thanh Trì,Huyện,Rural District,Hà Nội,ha-noi
Bắc Từ Liêm,Quận,Urban District,Hà Nội,ha-noi
Mê Linh,Huyện,Rural District,Hà Nội,ha-noi
Hà Đông,Quận,Urban District,Hà Nội,ha-noi
Sơn Tây,Thị Xã,Town,Hà Nội,ha-noi
Ba Vì,Huyện,Rural District,Hà Nội,ha-noi
Phúc Thọ,Huyện,Rural District,Hà Nội,ha-noi
Đan Phượng,Huyện,Rural District,Hà Nội,ha-noi
Hoài Đức,Huyện,Rural District,Hà Nội,ha-noi
Quốc Oai,Huyện,Rural District,Hà Nội,ha-noi
Thạch Thất,Huyện,Rural District,Hà Nội,ha-noi
Chương Mỹ,Huyện,Rural District,Hà Nội,ha-noi
Thanh Oai,Huyện,Rural District,Hà Nội,ha-noi
Thường Tín,Huyện,Rural District,Hà Nội,ha-noi
Phú Xuyên,Huyện,Rural District,Hà Nội,ha-noi
Ứng Hòa,Huyện,Rural District,Hà Nội,ha-noi
Mỹ Đức,Huyện,Rural District,Hà Nội,ha-noi
Hà Giang,Thành Phố,City,Hà Giang,ha-giang
Đồng Văn,Huyện,Rural District,Hà Giang,ha-giang
Mèo Vạc,Huyện,Rural District,Hà Giang,ha-giang
Yên Minh,Huyện,Rural District,Hà Giang,ha-giang
Quản Bạ,Huyện,Rural District,Hà Giang,ha-giang
Vị Xuyên,Huyện,Rural District,Hà Giang,ha-giang
Bắc Mê,Huyện,Rural District,Hà Giang,ha-giang
Hoàng Su Phì,Huyện,Rural District,Hà Giang,ha-giang
Xín Mần,Huyện,Rural District,Hà Giang,ha-giang
Bắc Quang,Huyện,Rural District,Hà Giang,ha-giang
Quang Bình,Huyện,Rural District,Hà Giang,ha-giang
Cao Bằng,Thành Phố,City,Cao Bằng,cao-bang
Bảo Lâm,Huyện,Rural District,Cao Bằng,cao-bang
Bảo Lạc,Huyện,Rural District,Cao Bằng,cao-bang
Thông Nông,Huyện,Rural District,Cao Bằng,cao-bang
Hà Quảng,Huyện,Rural District,Cao Bằng,cao-bang
Trà Lĩnh,Huyện,Rural District,Cao Bằng,cao-bang
Trùng Khánh,Huyện,Rural District,Cao Bằng,cao-bang
Hạ Lang,Huyện,Rural District,Cao Bằng,cao-bang
Quảng Uyên,Huyện,Rural District,Cao Bằng,cao-bang
Phục Hoà,Huyện,Rural District,Cao Bằng,cao-bang
Hoà An,Huyện,Rural District,Cao Bằng,cao-bang
Nguyên Bình,Huyện,Rural District,Cao Bằng,cao-bang
Thạch An,Huyện,Rural District,Cao Bằng,cao-bang
Thành Phố Bắc Kạn,Thành Phố,City,Bắc Kạn,bac-kan
Pác Nặm,Huyện,Rural District,Bắc Kạn,bac-kan
Ba Bể,Huyện,Rural District,Bắc Kạn,bac-kan
Ngân Sơn,Huyện,Rural District,Bắc Kạn,bac-kan
Bạch Thông,Huyện,Rural District,Bắc Kạn,bac-kan
Chợ Đồn,Huyện,Rural District,Bắc Kạn,bac-kan
Chợ Mới,Huyện,Rural District,Bắc Kạn,bac-kan
Na Rì,Huyện,Rural District,Bắc Kạn,bac-kan
Tuyên Quang,Thành Phố,City,Tuyên Quang,tuyen-quang
Lâm Bình,Huyện,Rural District,Tuyên Quang,tuyen-quang
Na Hang,Huyện,Rural District,Tuyên Quang,tuyen-quang
Chiêm Hóa,Huyện,Rural District,Tuyên Quang,tuyen-quang
Hàm Yên,Huyện,Rural District,Tuyên Quang,tuyen-quang
Yên Sơn,Huyện,Rural District,Tuyên Quang,tuyen-quang
Sơn Dương,Huyện,Rural District,Tuyên Quang,tuyen-quang
Lào Cai,Thành Phố,City,Lào Cai,lao-cai
Bát Xát,Huyện,Rural District,Lào Cai,lao-cai
Mường Khương,Huyện,Rural District,Lào Cai,lao-cai
Si Ma Cai,Huyện,Rural District,Lào Cai,lao-cai
Bắc Hà,Huyện,Rural District,Lào Cai,lao-cai
Bảo Thắng,Huyện,Rural District,Lào Cai,lao-cai
Bảo Yên,Huyện,Rural District,Lào Cai,lao-cai
Sa Pa,Huyện,Rural District,Lào Cai,lao-cai
Văn Bàn,Huyện,Rural District,Lào Cai,lao-cai
Điện Biên Phủ,Thành Phố,City,Điện Biên,dien-bien
Thị Xã Mường Lay,Thị Xã,Town,Điện Biên,dien-bien
Mường Nhé,Huyện,Rural District,Điện Biên,dien-bien
Mường Chà,Huyện,Rural District,Điện Biên,dien-bien
Tủa Chùa,Huyện,Rural District,Điện Biên,dien-bien
Tuần Giáo,Huyện,Rural District,Điện Biên,dien-bien
Điện Biên,Huyện,Rural District,Điện Biên,dien-bien
Điện Biên Đông,Huyện,Rural District,Điện Biên,dien-bien
Mường Ảng,Huyện,Rural District,Điện Biên,dien-bien
Nậm Pồ,Huyện,Rural District,Điện Biên,dien-bien
Lai Châu,Thành Phố,City,Lai Châu,lai-chau
Tam Đường,Huyện,Rural District,Lai Châu,lai-chau
Mường Tè,Huyện,Rural District,Lai Châu,lai-chau
Sìn Hồ,Huyện,Rural District,Lai Châu,lai-chau
Phong Thổ,Huyện,Rural District,Lai Châu,lai-chau
Than Uyên,Huyện,Rural District,Lai Châu,lai-chau
Tân Uyên,Huyện,Rural District,Lai Châu,lai-chau
Nậm Nhùn,Huyện,Rural District,Lai Châu,lai-chau
Sơn La,Thành Phố,City,Sơn La,son-la
Quỳnh Nhai,Huyện,Rural District,Sơn La,son-la
Thuận Châu,Huyện,Rural District,Sơn La,son-la
Mường La,Huyện,Rural District,Sơn La,son-la
Bắc Yên,Huyện,Rural District,Sơn La,son-la
Phù Yên,Huyện,Rural District,Sơn La,son-la
Mộc Châu,Huyện,Rural District,Sơn La,son-la
Yên Châu,Huyện,Rural District,Sơn La,son-la
Mai Sơn,Huyện,Rural District,Sơn La,son-la
Sông Mã,Huyện,Rural District,Sơn La,son-la
Sốp Cộp,Huyện,Rural District,Sơn La,son-la
Vân Hồ,Huyện,Rural District,Sơn La,son-la
Yên Bái,Thành Phố,City,Yên Bái,yen-bai
Nghĩa Lộ,Thị Xã,Town,Yên Bái,yen-bai
Lục Yên,Huyện,Rural District,Yên Bái,yen-bai
Văn Yên,Huyện,Rural District,Yên Bái,yen-bai
Mù Căng Chải,Huyện,Rural District,Yên Bái,yen-bai
Trấn Yên,Huyện,Rural District,Yên Bái,yen-bai
Trạm Tấu,Huyện,Rural District,Yên Bái,yen-bai
Văn Chấn,Huyện,Rural District,Yên Bái,yen-bai
Yên Bình,Huyện,Rural District,Yên Bái,yen-bai
Hòa Bình,Thành Phố,City,Hoà Bình,hoa-binh
Đà Bắc,Huyện,Rural District,Hoà Bình,hoa-binh
Kỳ Sơn,Huyện,Rural District,Hoà Bình,hoa-binh
Lương Sơn,Huyện,Rural District,Hoà Bình,hoa-binh
Kim Bôi,Huyện,Rural District,Hoà Bình,hoa-binh
Cao Phong,Huyện,Rural District,Hoà Bình,hoa-binh
Tân Lạc,Huyện,Rural District,Hoà Bình,hoa-binh
Mai Châu,Huyện,Rural District,Hoà Bình,hoa-binh
Lạc Sơn,Huyện,Rural District,Hoà Bình,hoa-binh
Yên Thủy,Huyện,Rural District,Hoà Bình,hoa-binh
Lạc Thủy,Huyện,Rural District,Hoà Bình,hoa-binh
Thái Nguyên,Thành Phố,City,Thái Nguyên,thai-nguyen
Sông Công,Thành Phố,City,Thái Nguyên,thai-nguyen
Định Hóa,Huyện,Rural District,Thái Nguyên,thai-nguyen
Phú Lương,Huyện,Rural District,Thái Nguyên,thai-nguyen
Đồng Hỷ,Huyện,Rural District,Thái Nguyên,thai-nguyen
Võ Nhai,Huyện,Rural District,Thái Nguyên,thai-nguyen
Đại Từ,Huyện,Rural District,Thái Nguyên,thai-nguyen
Phổ Yên,Thị Xã,Town,Thái Nguyên,thai-nguyen
Phú Bình,Huyện,Rural District,Thái Nguyên,thai-nguyen
Lạng Sơn,Thành Phố,City,Lạng Sơn,lang-son
Tràng Định,Huyện,Rural District,Lạng Sơn,lang-son
Bình Gia,Huyện,Rural District,Lạng Sơn,lang-son
Văn Lãng,Huyện,Rural District,Lạng Sơn,lang-son
Cao Lộc,Huyện,Rural District,Lạng Sơn,lang-son
Văn Quan,Huyện,Rural District,Lạng Sơn,lang-son
Bắc Sơn,Huyện,Rural District,Lạng Sơn,lang-son
Hữu Lũng,Huyện,Rural District,Lạng Sơn,lang-son
Chi Lăng,Huyện,Rural District,Lạng Sơn,lang-son
Lộc Bình,Huyện,Rural District,Lạng Sơn,lang-son
Đình Lập,Huyện,Rural District,Lạng Sơn,lang-son
Hạ Long,Thành Phố,City,Quảng Ninh,quang-ninh
Móng Cái,Thành Phố,City,Quảng Ninh,quang-ninh
Cẩm Phả,Thành Phố,City,Quảng Ninh,quang-ninh
Uông Bí,Thành Phố,City,Quảng Ninh,quang-ninh
Bình Liêu,Huyện,Rural District,Quảng Ninh,quang-ninh
Tiên Yên,Huyện,Rural District,Quảng Ninh,quang-ninh
Đầm Hà,Huyện,Rural District,Quảng Ninh,quang-ninh
Hải Hà,Huyện,Rural District,Quảng Ninh,quang-ninh
Ba Chẽ,Huyện,Rural District,Quảng Ninh,quang-ninh
Vân Đồn,Huyện,Rural District,Quảng Ninh,quang-ninh
Hoành Bồ,Huyện,Rural District,Quảng Ninh,quang-ninh
Đông Triều,Thị Xã,Town,Quảng Ninh,quang-ninh
Quảng Yên,Thị Xã,Town,Quảng Ninh,quang-ninh
Cô Tô,Huyện,Rural District,Quảng Ninh,quang-ninh
Bắc Giang,Thành Phố,City,Bắc Giang,bac-giang
Yên Thế,Huyện,Rural District,Bắc Giang,bac-giang
Tân Yên,Huyện,Rural District,Bắc Giang,bac-giang
Lạng Giang,Huyện,Rural District,Bắc Giang,bac-giang
Lục Nam,Huyện,Rural District,Bắc Giang,bac-giang
Lục Ngạn,Huyện,Rural District,Bắc Giang,bac-giang
Sơn Động,Huyện,Rural District,Bắc Giang,bac-giang
Yên Dũng,Huyện,Rural District,Bắc Giang,bac-giang
Việt Yên,Huyện,Rural District,Bắc Giang,bac-giang
Hiệp Hòa,Huyện,Rural District,Bắc Giang,bac-giang
Việt Trì,Thành Phố,City,Phú Thọ,phu-tho
Phú Thọ,Thị Xã,Town,Phú Thọ,phu-tho
Đoan Hùng,Huyện,Rural District,Phú Thọ,phu-tho
Hạ Hoà,Huyện,Rural District,Phú Thọ,phu-tho
Thanh Ba,Huyện,Rural District,Phú Thọ,phu-tho
Phù Ninh,Huyện,Rural District,Phú Thọ,phu-tho
Yên Lập,Huyện,Rural District,Phú Thọ,phu-tho
Cẩm Khê,Huyện,Rural District,Phú Thọ,phu-tho
Tam Nông,Huyện,Rural District,Phú Thọ,phu-tho
Lâm Thao,Huyện,Rural District,Phú Thọ,phu-tho
Thanh Sơn,Huyện,Rural District,Phú Thọ,phu-tho
Thanh Thuỷ,Huyện,Rural District,Phú Thọ,phu-tho
Tân Sơn,Huyện,Rural District,Phú Thọ,phu-tho
Vĩnh Yên,Thành Phố,City,Vĩnh Phúc,vinh-phuc
Phúc Yên,Thành Phố,City,Vĩnh Phúc,vinh-phuc
Lập Thạch,Huyện,Rural District,Vĩnh Phúc,vinh-phuc
Tam Dương,Huyện,Rural District,Vĩnh Phúc,vinh-phuc
Tam Đảo,Huyện,Rural District,Vĩnh Phúc,vinh-phuc
Bình Xuyên,Huyện,Rural District,Vĩnh Phúc,vinh-phuc
Yên Lạc,Huyện,Rural District,Vĩnh Phúc,vinh-phuc
Vĩnh Tường,Huyện,Rural District,Vĩnh Phúc,vinh-phuc
Sông Lô,Huyện,Rural District,Vĩnh Phúc,vinh-phuc
Bắc Ninh,Thành Phố,City,Bắc Ninh,bac-ninh
Yên Phong,Huyện,Rural District,Bắc Ninh,bac-ninh
Quế Võ,Huyện,Rural District,Bắc Ninh,bac-ninh
Tiên Du,Huyện,Rural District,Bắc Ninh,bac-ninh
Từ Sơn,Thị Xã,Town,Bắc Ninh,bac-ninh
Thuận Thành,Huyện,Rural District,Bắc Ninh,bac-ninh
Gia Bình,Huyện,Rural District,Bắc Ninh,bac-ninh
Lương Tài,Huyện,Rural District,Bắc Ninh,bac-ninh
Hải Dương,Thành Phố,City,Hải Dương,hai-duong
Chí Linh,Thành Phố,City,Hải Dương,hai-duong
Nam Sách,Huyện,Rural District,Hải Dương,hai-duong
Kinh Môn,Huyện,Rural District,Hải Dương,hai-duong
Kim Thành,Huyện,Rural District,Hải Dương,hai-duong
Thanh Hà,Huyện,Rural District,Hải Dương,hai-duong
Cẩm Giàng,Huyện,Rural District,Hải Dương,hai-duong
Bình Giang,Huyện,Rural District,Hải Dương,hai-duong
Gia Lộc,Huyện,Rural District,Hải Dương,hai-duong
Tứ Kỳ,Huyện,Rural District,Hải Dương,hai-duong
Ninh Giang,Huyện,Rural District,Hải Dương,hai-duong
Thanh Miện,Huyện,Rural District,Hải Dương,hai-duong
Hồng Bàng,Quận,Urban District,Hải Phòng,hai-phong
Ngô Quyền,Quận,Urban District,Hải Phòng,hai-phong
Lê Chân,Quận,Urban District,Hải Phòng,hai-phong
Hải An,Quận,Urban District,Hải Phòng,hai-phong
Kiến An,Quận,Urban District,Hải Phòng,hai-phong
Đồ Sơn,Quận,Urban District,Hải Phòng,hai-phong
Dương Kinh,Quận,Urban District,Hải Phòng,hai-phong
Thuỷ Nguyên,Huyện,Rural District,Hải Phòng,hai-phong
An Dương,Huyện,Rural District,Hải Phòng,hai-phong
An Lão,Huyện,Rural District,Hải Phòng,hai-phong
Kiến Thuỵ,Huyện,Rural District,Hải Phòng,hai-phong
Tiên Lãng,Huyện,Rural District,Hải Phòng,hai-phong
Vĩnh Bảo,Huyện,Rural District,Hải Phòng,hai-phong
Cát Hải,Huyện,Rural District,Hải Phòng,hai-phong
Bạch Long Vĩ,Huyện,Rural District,Hải Phòng,hai-phong
Hưng Yên,Thành Phố,City,Hưng Yên,hung-yen
Văn Lâm,Huyện,Rural District,Hưng Yên,hung-yen
Văn Giang,Huyện,Rural District,Hưng Yên,hung-yen
Yên Mỹ,Huyện,Rural District,Hưng Yên,hung-yen
Mỹ Hào,Thị Xã,Town,Hưng Yên,hung-yen
Ân Thi,Huyện,Rural District,Hưng Yên,hung-yen
Khoái Châu,Huyện,Rural District,Hưng Yên,hung-yen
Kim Động,Huyện,Rural District,Hưng Yên,hung-yen
Tiên Lữ,Huyện,Rural District,Hưng Yên,hung-yen
Phù Cừ,Huyện,Rural District,Hưng Yên,hung-yen
Thái Bình,Thành Phố,City,Thái Bình,thai-binh
Quỳnh Phụ,Huyện,Rural District,Thái Bình,thai-binh
Hưng Hà,Huyện,Rural District,Thái Bình,thai-binh
Đông Hưng,Huyện,Rural District,Thái Bình,thai-binh
Thái Thụy,Huyện,Rural District,Thái Bình,thai-binh
Tiền Hải,Huyện,Rural District,Thái Bình,thai-binh
Kiến Xương,Huyện,Rural District,Thái Bình,thai-binh
Vũ Thư,Huyện,Rural District,Thái Bình,thai-binh
Phủ Lý,Thành Phố,City,Hà Nam,ha-nam
Duy Tiên,Huyện,Rural District,Hà Nam,ha-nam
Kim Bảng,Huyện,Rural District,Hà Nam,ha-nam
Thanh Liêm,Huyện,Rural District,Hà Nam,ha-nam
Bình Lục,Huyện,Rural District,Hà Nam,ha-nam
Lý Nhân,Huyện,Rural District,Hà Nam,ha-nam
Nam Định,Thành Phố,City,Nam Định,nam-dinh
Mỹ Lộc,Huyện,Rural District,Nam Định,nam-dinh
Vụ Bản,Huyện,Rural District,Nam Định,nam-dinh
Ý Yên,Huyện,Rural District,Nam Định,nam-dinh
Nghĩa Hưng,Huyện,Rural District,Nam Định,nam-dinh
Nam Trực,Huyện,Rural District,Nam Định,nam-dinh
Trực Ninh,Huyện,Rural District,Nam Định,nam-dinh
Xuân Trường,Huyện,Rural District,Nam Định,nam-dinh
Giao Thủy,Huyện,Rural District,Nam Định,nam-dinh
Hải Hậu,Huyện,Rural District,Nam Định,nam-dinh
Ninh Bình,Thành Phố,City,Ninh Bình,ninh-binh
Tam Điệp,Thành Phố,City,Ninh Bình,ninh-binh
Nho Quan,Huyện,Rural District,Ninh Bình,ninh-binh
Gia Viễn,Huyện,Rural District,Ninh Bình,ninh-binh
Hoa Lư,Huyện,Rural District,Ninh Bình,ninh-binh
Yên Khánh,Huyện,Rural District,Ninh Bình,ninh-binh
Kim Sơn,Huyện,Rural District,Ninh Bình,ninh-binh
Yên Mô,Huyện,Rural District,Ninh Bình,ninh-binh
Thanh Hóa,Thành Phố,City,Thanh Hóa,thanh-hoa
Bỉm Sơn,Thị Xã,Town,Thanh Hóa,thanh-hoa
Sầm Sơn,Thành Phố,City,Thanh Hóa,thanh-hoa
Mường Lát,Huyện,Rural District,Thanh Hóa,thanh-hoa
Quan Hóa,Huyện,Rural District,Thanh Hóa,thanh-hoa
Bá Thước,Huyện,Rural District,Thanh Hóa,thanh-hoa
Quan Sơn,Huyện,Rural District,Thanh Hóa,thanh-hoa
Lang Chánh,Huyện,Rural District,Thanh Hóa,thanh-hoa
Ngọc Lặc,Huyện,Rural District,Thanh Hóa,thanh-hoa
Cẩm Thủy,Huyện,Rural District,Thanh Hóa,thanh-hoa
Thạch Thành,Huyện,Rural District,Thanh Hóa,thanh-hoa
Hà Trung,Huyện,Rural District,Thanh Hóa,thanh-hoa
Vĩnh Lộc,Huyện,Rural District,Thanh Hóa,thanh-hoa
Yên Định,Huyện,Rural District,Thanh Hóa,thanh-hoa
Thọ Xuân,Huyện,Rural District,Thanh Hóa,thanh-hoa
Thường Xuân,Huyện,Rural District,Thanh Hóa,thanh-hoa
Triệu Sơn,Huyện,Rural District,Thanh Hóa,thanh-hoa
Thiệu Hóa,Huyện,Rural District,Thanh Hóa,thanh-hoa
Hoằng Hóa,Huyện,Rural District,Thanh Hóa,thanh-hoa
Hậu Lộc,Huyện,Rural District,Thanh Hóa,thanh-hoa
Nga Sơn,Huyện,Rural District,Thanh Hóa,thanh-hoa
Như Xuân,Huyện,Rural District,Thanh Hóa,thanh-hoa
Như Thanh,Huyện,Rural District,Thanh Hóa,thanh-hoa
Nông Cống,Huyện,Rural District,Thanh Hóa,thanh-hoa
Đông Sơn,Huyện,Rural District,Thanh Hóa,thanh-hoa
Quảng Xương,Huyện,Rural District,Thanh Hóa,thanh-hoa
Tĩnh Gia,Huyện,Rural District,Thanh Hóa,thanh-hoa
Vinh,Thành Phố,City,Nghệ An,nghe-an
Cửa Lò,Thị Xã,Town,Nghệ An,nghe-an
Thái Hoà,Thị Xã,Town,Nghệ An,nghe-an
Quế Phong,Huyện,Rural District,Nghệ An,nghe-an
Quỳ Châu,Huyện,Rural District,Nghệ An,nghe-an
Kỳ Sơn,Huyện,Rural District,Nghệ An,nghe-an
Tương Dương,Huyện,Rural District,Nghệ An,nghe-an
Nghĩa Đàn,Huyện,Rural District,Nghệ An,nghe-an
Quỳ Hợp,Huyện,Rural District,Nghệ An,nghe-an
Quỳnh Lưu,Huyện,Rural District,Nghệ An,nghe-an
Con Cuông,Huyện,Rural District,Nghệ An,nghe-an
Tân Kỳ,Huyện,Rural District,Nghệ An,nghe-an
Anh Sơn,Huyện,Rural District,Nghệ An,nghe-an
Diễn Châu,Huyện,Rural District,Nghệ An,nghe-an
Yên Thành,Huyện,Rural District,Nghệ An,nghe-an
Đô Lương,Huyện,Rural District,Nghệ An,nghe-an
Thanh Chương,Huyện,Rural District,Nghệ An,nghe-an
Nghi Lộc,Huyện,Rural District,Nghệ An,nghe-an
Nam Đàn,Huyện,Rural District,Nghệ An,nghe-an
Hưng Nguyên,Huyện,Rural District,Nghệ An,nghe-an
Hoàng Mai,Thị Xã,Town,Nghệ An,nghe-an
Hà Tĩnh,Thành Phố,City,Hà Tĩnh,ha-tinh
Hồng Lĩnh,Thị Xã,Town,Hà Tĩnh,ha-tinh
Hương Sơn,Huyện,Rural District,Hà Tĩnh,ha-tinh
Đức Thọ,Huyện,Rural District,Hà Tĩnh,ha-tinh
Vũ Quang,Huyện,Rural District,Hà Tĩnh,ha-tinh
Nghi Xuân,Huyện,Rural District,Hà Tĩnh,ha-tinh
Can Lộc,Huyện,Rural District,Hà Tĩnh,ha-tinh
Hương Khê,Huyện,Rural District,Hà Tĩnh,ha-tinh
Thạch Hà,Huyện,Rural District,Hà Tĩnh,ha-tinh
Cẩm Xuyên,Huyện,Rural District,Hà Tĩnh,ha-tinh
Kỳ Anh,Huyện,Rural District,Hà Tĩnh,ha-tinh
Lộc Hà,Huyện,Rural District,Hà Tĩnh,ha-tinh
Kỳ Anh,Thị Xã,Town,Hà Tĩnh,ha-tinh
Thành Phố Đồng Hới,Thành Phố,City,Quảng Bình,quang-binh
Minh Hóa,Huyện,Rural District,Quảng Bình,quang-binh
Tuyên Hóa,Huyện,Rural District,Quảng Bình,quang-binh
Quảng Trạch,Thị Xã,Town,Quảng Bình,quang-binh
Bố Trạch,Huyện,Rural District,Quảng Bình,quang-binh
Quảng Ninh,Huyện,Rural District,Quảng Bình,quang-binh
Lệ Thủy,Huyện,Rural District,Quảng Bình,quang-binh
Ba Đồn,Huyện,Rural District,Quảng Bình,quang-binh
Đông Hà,Thành Phố,City,Quảng Trị,quang-tri
Quảng Trị,Thị Xã,Town,Quảng Trị,quang-tri
Vĩnh Linh,Huyện,Rural District,Quảng Trị,quang-tri
Hướng Hóa,Huyện,Rural District,Quảng Trị,quang-tri
Gio Linh,Huyện,Rural District,Quảng Trị,quang-tri
Đa Krông,Huyện,Rural District,Quảng Trị,quang-tri
Cam Lộ,Huyện,Rural District,Quảng Trị,quang-tri
Triệu Phong,Huyện,Rural District,Quảng Trị,quang-tri
Hải Lăng,Huyện,Rural District,Quảng Trị,quang-tri
Cồn Cỏ,Huyện,Rural District,Quảng Trị,quang-tri
Huế,Thành Phố,City,Thừa Thiên Huế,thua-thien-hue
Phong Điền,Huyện,Rural District,Thừa Thiên Huế,thua-thien-hue
Quảng Điền,Huyện,Rural District,Thừa Thiên Huế,thua-thien-hue
Phú Vang,Huyện,Rural District,Thừa Thiên Huế,thua-thien-hue
Hương Thủy,Thị Xã,Town,Thừa Thiên Huế,thua-thien-hue
Hương Trà,Thị Xã,Town,Thừa Thiên Huế,thua-thien-hue
A Lưới,Huyện,Rural District,Thừa Thiên Huế,thua-thien-hue
Phú Lộc,Huyện,Rural District,Thừa Thiên Huế,thua-thien-hue
Nam Đông,Huyện,Rural District,Thừa Thiên Huế,thua-thien-hue
Liên Chiểu,Quận,Urban District,Đà Nẵng,da-nang
Thanh Khê,Quận,Urban District,Đà Nẵng,da-nang
Hải Châu,Quận,Urban District,Đà Nẵng,da-nang
Sơn Trà,Quận,Urban District,Đà Nẵng,da-nang
Ngũ Hành Sơn,Quận,Urban District,Đà Nẵng,da-nang
Cẩm Lệ,Quận,Urban District,Đà Nẵng,da-nang
Hòa Vang,Huyện,Rural District,Đà Nẵng,da-nang
Hoàng Sa,Huyện,Rural District,Đà Nẵng,da-nang
Tam Kỳ,Thành Phố,City,Quảng Nam,quang-nam
Hội An,Thành Phố,City,Quảng Nam,quang-nam
Tây Giang,Huyện,Rural District,Quảng Nam,quang-nam
Đông Giang,Huyện,Rural District,Quảng Nam,quang-nam
Đại Lộc,Huyện,Rural District,Quảng Nam,quang-nam
Điện Bàn,Thị Xã,Town,Quảng Nam,quang-nam
Duy Xuyên,Huyện,Rural District,Quảng Nam,quang-nam
Quế Sơn,Huyện,Rural District,Quảng Nam,quang-nam
Nam Giang,Huyện,Rural District,Quảng Nam,quang-nam
Phước Sơn,Huyện,Rural District,Quảng Nam,quang-nam
Hiệp Đức,Huyện,Rural District,Quảng Nam,quang-nam
Thăng Bình,Huyện,Rural District,Quảng Nam,quang-nam
Tiên Phước,Huyện,Rural District,Quảng Nam,quang-nam
Bắc Trà My,Huyện,Rural District,Quảng Nam,quang-nam
Nam Trà My,Huyện,Rural District,Quảng Nam,quang-nam
Núi Thành,Huyện,Rural District,Quảng Nam,quang-nam
Phú Ninh,Huyện,Rural District,Quảng Nam,quang-nam
Nông Sơn,Huyện,Rural District,Quảng Nam,quang-nam
Quảng Ngãi,Thành Phố,City,Quảng Ngãi,quang-ngai
Bình Sơn,Huyện,Rural District,Quảng Ngãi,quang-ngai
Trà Bồng,Huyện,Rural District,Quảng Ngãi,quang-ngai
Tây Trà,Huyện,Rural District,Quảng Ngãi,quang-ngai
Sơn Tịnh,Huyện,Rural District,Quảng Ngãi,quang-ngai
Tư Nghĩa,Huyện,Rural District,Quảng Ngãi,quang-ngai
Sơn Hà,Huyện,Rural District,Quảng Ngãi,quang-ngai
Sơn Tây,Huyện,Rural District,Quảng Ngãi,quang-ngai
Minh Long,Huyện,Rural District,Quảng Ngãi,quang-ngai
Nghĩa Hành,Huyện,Rural District,Quảng Ngãi,quang-ngai
Mộ Đức,Huyện,Rural District,Quảng Ngãi,quang-ngai
Đức Phổ,Huyện,Rural District,Quảng Ngãi,quang-ngai
Ba Tơ,Huyện,Rural District,Quảng Ngãi,quang-ngai
Lý Sơn,Huyện,Rural District,Quảng Ngãi,quang-ngai
Qui Nhơn,Thành Phố,City,Bình Định,binh-dinh
An Lão,Huyện,Rural District,Bình Định,binh-dinh
Hoài Nhơn,Huyện,Rural District,Bình Định,binh-dinh
Hoài Ân,Huyện,Rural District,Bình Định,binh-dinh
Phù Mỹ,Huyện,Rural District,Bình Định,binh-dinh
Vĩnh Thạnh,Huyện,Rural District,Bình Định,binh-dinh
Tây Sơn,Huyện,Rural District,Bình Định,binh-dinh
Phù Cát,Huyện,Rural District,Bình Định,binh-dinh
An Nhơn,Thị Xã,Town,Bình Định,binh-dinh
Tuy Phước,Huyện,Rural District,Bình Định,binh-dinh
Vân Canh,Huyện,Rural District,Bình Định,binh-dinh
Tuy Hoà,Thành Phố,City,Phú Yên,phu-yen
Sông Cầu,Thị Xã,Town,Phú Yên,phu-yen
Đồng Xuân,Huyện,Rural District,Phú Yên,phu-yen
Tuy An,Huyện,Rural District,Phú Yên,phu-yen
Sơn Hòa,Huyện,Rural District,Phú Yên,phu-yen
Sông Hinh,Huyện,Rural District,Phú Yên,phu-yen
Tây Hoà,Huyện,Rural District,Phú Yên,phu-yen
Phú Hoà,Huyện,Rural District,Phú Yên,phu-yen
Đông Hòa,Huyện,Rural District,Phú Yên,phu-yen
Nha Trang,Thành Phố,City,Khánh Hòa,khanh-hoa
Cam Ranh,Thành Phố,City,Khánh Hòa,khanh-hoa
Cam Lâm,Huyện,Rural District,Khánh Hòa,khanh-hoa
Vạn Ninh,Huyện,Rural District,Khánh Hòa,khanh-hoa
Ninh Hòa,Thị Xã,Town,Khánh Hòa,khanh-hoa
Khánh Vĩnh,Huyện,Rural District,Khánh Hòa,khanh-hoa
Diên Khánh,Huyện,Rural District,Khánh Hòa,khanh-hoa
Khánh Sơn,Huyện,Rural District,Khánh Hòa,khanh-hoa
Trường Sa,Huyện,Rural District,Khánh Hòa,khanh-hoa
Phan Rang-Tháp Chàm,Thành Phố,City,Ninh Thuận,ninh-thuan
Bác Ái,Huyện,Rural District,Ninh Thuận,ninh-thuan
Ninh Sơn,Huyện,Rural District,Ninh Thuận,ninh-thuan
Ninh Hải,Huyện,Rural District,Ninh Thuận,ninh-thuan
Ninh Phước,Huyện,Rural District,Ninh Thuận,ninh-thuan
Thuận Bắc,Huyện,Rural District,Ninh Thuận,ninh-thuan
Thuận Nam,Huyện,Rural District,Ninh Thuận,ninh-thuan
Phan Thiết,Thành Phố,City,Bình Thuận,binh-thuan
La Gi,Thị Xã,Town,Bình Thuận,binh-thuan
Tuy Phong,Huyện,Rural District,Bình Thuận,binh-thuan
Bắc Bình,Huyện,Rural District,Bình Thuận,binh-thuan
Hàm Thuận Bắc,Huyện,Rural District,Bình Thuận,binh-thuan
Hàm Thuận Nam,Huyện,Rural District,Bình Thuận,binh-thuan
Tánh Linh,Huyện,Rural District,Bình Thuận,binh-thuan
Đức Linh,Huyện,Rural District,Bình Thuận,binh-thuan
Hàm Tân,Huyện,Rural District,Bình Thuận,binh-thuan
Phú Quí,Huyện,Rural District,Bình Thuận,binh-thuan
Kon Tum,Thành Phố,City,Kon Tum,kom-tum
Đắk Glei,Huyện,Rural District,Kon Tum,kom-tum
Ngọc Hồi,Huyện,Rural District,Kon Tum,kom-tum
Đắk Tô,Huyện,Rural District,Kon Tum,kom-tum
Kon Plông,Huyện,Rural District,Kon Tum,kom-tum
Kon Rẫy,Huyện,Rural District,Kon Tum,kom-tum
Đắk Hà,Huyện,Rural District,Kon Tum,kom-tum
Sa Thầy,Huyện,Rural District,Kon Tum,kom-tum
Tu Mơ Rông,Huyện,Rural District,Kon Tum,kom-tum
Ia H' Drai,Huyện,Rural District,Kon Tum,kom-tum
Pleiku,Thành Phố,City,Gia Lai,gia-lai
An Khê,Thị Xã,Town,Gia Lai,gia-lai
Ayun Pa,Thị Xã,Town,Gia Lai,gia-lai
KBang,Huyện,Rural District,Gia Lai,gia-lai
Đăk Đoa,Huyện,Rural District,Gia Lai,gia-lai
Chư Păh,Huyện,Rural District,Gia Lai,gia-lai
Ia Grai,Huyện,Rural District,Gia Lai,gia-lai
Mang Yang,Huyện,Rural District,Gia Lai,gia-lai
Kông Chro,Huyện,Rural District,Gia Lai,gia-lai
Đức Cơ,Huyện,Rural District,Gia Lai,gia-lai
Chư Prông,Huyện,Rural District,Gia Lai,gia-lai
Chư Sê,Huyện,Rural District,Gia Lai,gia-lai
Đăk Pơ,Huyện,Rural District,Gia Lai,gia-lai
Ia Pa,Huyện,Rural District,Gia Lai,gia-lai
Krông Pa,Huyện,Rural District,Gia Lai,gia-lai
Phú Thiện,Huyện,Rural District,Gia Lai,gia-lai
Chư Pưh,Huyện,Rural District,Gia Lai,gia-lai
Buôn Ma Thuột,Thành Phố,City,Đắk Lắk,dak-lak
Thị Xã Buôn Hồ,Thị Xã,Town,Đắk Lắk,dak-lak
Ea H'leo,Huyện,Rural District,Đắk Lắk,dak-lak
Ea Súp,Huyện,Rural District,Đắk Lắk,dak-lak
Buôn Đôn,Huyện,Rural District,Đắk Lắk,dak-lak
Cư M'gar,Huyện,Rural District,Đắk Lắk,dak-lak
Krông Búk,Huyện,Rural District,Đắk Lắk,dak-lak
Krông Năng,Huyện,Rural District,Đắk Lắk,dak-lak
Ea Kar,Huyện,Rural District,Đắk Lắk,dak-lak
M'Đrắk,Huyện,Rural District,Đắk Lắk,dak-lak
Krông Bông,Huyện,Rural District,Đắk Lắk,dak-lak
Krông Pắc,Huyện,Rural District,Đắk Lắk,dak-lak
Krông A Na,Huyện,Rural District,Đắk Lắk,dak-lak
Lắk,Huyện,Rural District,Đắk Lắk,dak-lak
Cư Kuin,Huyện,Rural District,Đắk Lắk,dak-lak
Gia Nghĩa,Thị Xã,Town,Đắk Nông,dak-nong
Đăk Glong,Huyện,Rural District,Đắk Nông,dak-nong
Cư Jút,Huyện,Rural District,Đắk Nông,dak-nong
Đắk Mil,Huyện,Rural District,Đắk Nông,dak-nong
Krông Nô,Huyện,Rural District,Đắk Nông,dak-nong
Đắk Song,Huyện,Rural District,Đắk Nông,dak-nong
Đắk R'Lấp,Huyện,Rural District,Đắk Nông,dak-nong
Tuy Đức,Huyện,Rural District,Đắk Nông,dak-nong
Đà Lạt,Thành Phố,City,Lâm Đồng,lam-dong
Bảo Lộc,Thành Phố,City,Lâm Đồng,lam-dong
Đam Rông,Huyện,Rural District,Lâm Đồng,lam-dong
Lạc Dương,Huyện,Rural District,Lâm Đồng,lam-dong
Lâm Hà,Huyện,Rural District,Lâm Đồng,lam-dong
Đơn Dương,Huyện,Rural District,Lâm Đồng,lam-dong
Đức Trọng,Huyện,Rural District,Lâm Đồng,lam-dong
Di Linh,Huyện,Rural District,Lâm Đồng,lam-dong
Bảo Lâm,Huyện,Rural District,Lâm Đồng,lam-dong
Đạ Huoai,Huyện,Rural District,Lâm Đồng,lam-dong
Đạ Tẻh,Huyện,Rural District,Lâm Đồng,lam-dong
Cát Tiên,Huyện,Rural District,Lâm Đồng,lam-dong
Phước Long,Thị Xã,Town,Bình Phước,binh-phuoc
Đồng Xoài,Thành Phố,City,Bình Phước,binh-phuoc
Bình Long,Thị Xã,Town,Bình Phước,binh-phuoc
Bù Gia Mập,Huyện,Rural District,Bình Phước,binh-phuoc
Lộc Ninh,Huyện,Rural District,Bình Phước,binh-phuoc
Bù Đốp,Huyện,Rural District,Bình Phước,binh-phuoc
Hớn Quản,Huyện,Rural District,Bình Phước,binh-phuoc
Đồng Phú,Huyện,Rural District,Bình Phước,binh-phuoc
Bù Đăng,Huyện,Rural District,Bình Phước,binh-phuoc
Chơn Thành,Huyện,Rural District,Bình Phước,binh-phuoc
Phú Riềng,Huyện,Rural District,Bình Phước,binh-phuoc
Tây Ninh,Thành Phố,City,Tây Ninh,tay-ninh
Tân Biên,Huyện,Rural District,Tây Ninh,tay-ninh
Tân Châu,Huyện,Rural District,Tây Ninh,tay-ninh
Dương Minh Châu,Huyện,Rural District,Tây Ninh,tay-ninh
Châu Thành,Huyện,Rural District,Tây Ninh,tay-ninh
Hòa Thành,Huyện,Rural District,Tây Ninh,tay-ninh
Gò Dầu,Huyện,Rural District,Tây Ninh,tay-ninh
Bến Cầu,Huyện,Rural District,Tây Ninh,tay-ninh
Trảng Bàng,Huyện,Rural District,Tây Ninh,tay-ninh
Thủ Dầu Một,Thành Phố,City,Bình Dương,binh-duong
Bàu Bàng,Huyện,Rural District,Bình Dương,binh-duong
Dầu Tiếng,Huyện,Rural District,Bình Dương,binh-duong
Bến Cát,Thị Xã,Town,Bình Dương,binh-duong
Phú Giáo,Huyện,Rural District,Bình Dương,binh-duong
Tân Uyên,Thị Xã,Town,Bình Dương,binh-duong
Dĩ An,Thị Xã,Town,Bình Dương,binh-duong
Thuận An,Thị Xã,Town,Bình Dương,binh-duong
Bắc Tân Uyên,Huyện,Rural District,Bình Dương,binh-duong
Biên Hòa,Thành Phố,City,Đồng Nai,dong-nai
Long Khánh,Thành Phố,City,Đồng Nai,dong-nai
Tân Phú,Huyện,Rural District,Đồng Nai,dong-nai
Vĩnh Cửu,Huyện,Rural District,Đồng Nai,dong-nai
Định Quán,Huyện,Rural District,Đồng Nai,dong-nai
Trảng Bom,Huyện,Rural District,Đồng Nai,dong-nai
Thống Nhất,Huyện,Rural District,Đồng Nai,dong-nai
Cẩm Mỹ,Huyện,Rural District,Đồng Nai,dong-nai
Long Thành,Huyện,Rural District,Đồng Nai,dong-nai
Xuân Lộc,Huyện,Rural District,Đồng Nai,dong-nai
Nhơn Trạch,Huyện,Rural District,Đồng Nai,dong-nai
Vũng Tàu,Thành Phố,City,Bà Rịa - Vũng Tàu,ba-ria-vung-tau
Bà Rịa,Thành Phố,City,Bà Rịa - Vũng Tàu,ba-ria-vung-tau
Châu Đức,Huyện,Rural District,Bà Rịa - Vũng Tàu,ba-ria-vung-tau
Xuyên Mộc,Huyện,Rural District,Bà Rịa - Vũng Tàu,ba-ria-vung-tau
Long Điền,Huyện,Rural District,Bà Rịa - Vũng Tàu,ba-ria-vung-tau
Đất Đỏ,Huyện,Rural District,Bà Rịa - Vũng Tàu,ba-ria-vung-tau
Phú Mỹ,Thị Xã,Town,Bà Rịa - Vũng Tàu,ba-ria-vung-tau
Côn Đảo,Huyện,Rural District,Bà Rịa - Vũng Tàu,ba-ria-vung-tau
1,Quận,Urban District,Hồ Chí Minh,ho-chi-minh
12,Quận,Urban District,Hồ Chí Minh,ho-chi-minh
Thủ Đức,Quận,Urban District,Hồ Chí Minh,ho-chi-minh
9,Quận,Urban District,Hồ Chí Minh,ho-chi-minh
Gò Vấp,Quận,Urban District,Hồ Chí Minh,ho-chi-minh
Bình Thạnh,Quận,Urban District,Hồ Chí Minh,ho-chi-minh
Tân Bình,Quận,Urban District,Hồ Chí Minh,ho-chi-minh
Tân Phú,Quận,Urban District,Hồ Chí Minh,ho-chi-minh
Phú Nhuận,Quận,Urban District,Hồ Chí Minh,ho-chi-minh
2,Quận,Urban District,Hồ Chí Minh,ho-chi-minh
3,Quận,Urban District,Hồ Chí Minh,ho-chi-minh
10,Quận,Urban District,Hồ Chí Minh,ho-chi-minh
11,Quận,Urban District,Hồ Chí Minh,ho-chi-minh
4,Quận,Urban District,Hồ Chí Minh,ho-chi-minh
5,Quận,Urban District,Hồ Chí Minh,ho-chi-minh
6,Quận,Urban District,Hồ Chí Minh,ho-chi-minh
8,Quận,Urban District,Hồ Chí Minh,ho-chi-minh
Bình Tân,Quận,Urban District,Hồ Chí Minh,ho-chi-minh
7,Quận,Urban District,Hồ Chí Minh,ho-chi-minh
Củ Chi,Huyện,Rural District,Hồ Chí Minh,ho-chi-minh
Hóc Môn,Huyện,Rural District,Hồ Chí Minh,ho-chi-minh
Bình Chánh,Huyện,Rural District,Hồ Chí Minh,ho-chi-minh
Nhà Bè,Huyện,Rural District,Hồ Chí Minh,ho-chi-minh
Cần Giờ,Huyện,Rural District,Hồ Chí Minh,ho-chi-minh
Tân An,Thành Phố,City,Long An,long-an
Kiến Tường,Thị Xã,Town,Long An,long-an
Tân Hưng,Huyện,Rural District,Long An,long-an
Vĩnh Hưng,Huyện,Rural District,Long An,long-an
Mộc Hóa,Huyện,Rural District,Long An,long-an
Tân Thạnh,Huyện,Rural District,Long An,long-an
Thạnh Hóa,Huyện,Rural District,Long An,long-an
Đức Huệ,Huyện,Rural District,Long An,long-an
Đức Hòa,Huyện,Rural District,Long An,long-an
Bến Lức,Huyện,Rural District,Long An,long-an
Thủ Thừa,Huyện,Rural District,Long An,long-an
Tân Trụ,Huyện,Rural District,Long An,long-an
Cần Đước,Huyện,Rural District,Long An,long-an
Cần Giuộc,Huyện,Rural District,Long An,long-an
Châu Thành,Huyện,Rural District,Long An,long-an
Mỹ Tho,Thành Phố,City,Tiền Giang,tien-giang
Gò Công,Thị Xã,Town,Tiền Giang,tien-giang
Cai Lậy,Huyện,Rural District,Tiền Giang,tien-giang
Tân Phước,Huyện,Rural District,Tiền Giang,tien-giang
Cái Bè,Huyện,Rural District,Tiền Giang,tien-giang
Cai Lậy,Thị Xã,Town,Tiền Giang,tien-giang
Châu Thành,Huyện,Rural District,Tiền Giang,tien-giang
Chợ Gạo,Huyện,Rural District,Tiền Giang,tien-giang
Gò Công Tây,Huyện,Rural District,Tiền Giang,tien-giang
Gò Công Đông,Huyện,Rural District,Tiền Giang,tien-giang
Tân Phú Đông,Huyện,Rural District,Tiền Giang,tien-giang
Bến Tre,Thành Phố,City,Bến Tre,ben-tre
Châu Thành,Huyện,Rural District,Bến Tre,ben-tre
Chợ Lách,Huyện,Rural District,Bến Tre,ben-tre
Mỏ Cày Nam,Huyện,Rural District,Bến Tre,ben-tre
Giồng Trôm,Huyện,Rural District,Bến Tre,ben-tre
Bình Đại,Huyện,Rural District,Bến Tre,ben-tre
Ba Tri,Huyện,Rural District,Bến Tre,ben-tre
Thạnh Phú,Huyện,Rural District,Bến Tre,ben-tre
Mỏ Cày Bắc,Huyện,Rural District,Bến Tre,ben-tre
Trà Vinh,Thành Phố,City,Trà Vinh,tra-vinh
Càng Long,Huyện,Rural District,Trà Vinh,tra-vinh
Cầu Kè,Huyện,Rural District,Trà Vinh,tra-vinh
Tiểu Cần,Huyện,Rural District,Trà Vinh,tra-vinh
Châu Thành,Huyện,Rural District,Trà Vinh,tra-vinh
Cầu Ngang,Huyện,Rural District,Trà Vinh,tra-vinh
Trà Cú,Huyện,Rural District,Trà Vinh,tra-vinh
Duyên Hải,Huyện,Rural District,Trà Vinh,tra-vinh
Duyên Hải,Thị Xã,Town,Trà Vinh,tra-vinh
Vĩnh Long,Thành Phố,City,Vĩnh Long,vinh-long
Long Hồ,Huyện,Rural District,Vĩnh Long,vinh-long
Mang Thít,Huyện,Rural District,Vĩnh Long,vinh-long
Vũng Liêm,Huyện,Rural District,Vĩnh Long,vinh-long
Tam Bình,Huyện,Rural District,Vĩnh Long,vinh-long
Bình Minh,Thị Xã,Town,Vĩnh Long,vinh-long
Trà Ôn,Huyện,Rural District,Vĩnh Long,vinh-long
Bình Tân,Huyện,Rural District,Vĩnh Long,vinh-long
Cao Lãnh,Thành Phố,City,Đồng Tháp,dong-thap
Sa Đéc,Thành Phố,City,Đồng Tháp,dong-thap
Hồng Ngự,Thị Xã,Town,Đồng Tháp,dong-thap
Tân Hồng,Huyện,Rural District,Đồng Tháp,dong-thap
Hồng Ngự,Huyện,Rural District,Đồng Tháp,dong-thap
Tam Nông,Huyện,Rural District,Đồng Tháp,dong-thap
Tháp Mười,Huyện,Rural District,Đồng Tháp,dong-thap
Cao Lãnh,Huyện,Rural District,Đồng Tháp,dong-thap
Thanh Bình,Huyện,Rural District,Đồng Tháp,dong-thap
Lấp Vò,Huyện,Rural District,Đồng Tháp,dong-thap
Lai Vung,Huyện,Rural District,Đồng Tháp,dong-thap
Châu Thành,Huyện,Rural District,Đồng Tháp,dong-thap
Long Xuyên,Thành Phố,City,An Giang,an-giang
Châu Đốc,Thành Phố,City,An Giang,an-giang
An Phú,Huyện,Rural District,An Giang,an-giang
Tân Châu,Thị Xã,Town,An Giang,an-giang
Phú Tân,Huyện,Rural District,An Giang,an-giang
Châu Phú,Huyện,Rural District,An Giang,an-giang
Tịnh Biên,Huyện,Rural District,An Giang,an-giang
Tri Tôn,Huyện,Rural District,An Giang,an-giang
Châu Thành,Huyện,Rural District,An Giang,an-giang
Chợ Mới,Huyện,Rural District,An Giang,an-giang
Thoại Sơn,Huyện,Rural District,An Giang,an-giang
Rạch Giá,Thành Phố,City,Kiên Giang,kien-giang
Hà Tiên,Thành Phố,City,Kiên Giang,kien-giang
Kiên Lương,Huyện,Rural District,Kiên Giang,kien-giang
Hòn Đất,Huyện,Rural District,Kiên Giang,kien-giang
Tân Hiệp,Huyện,Rural District,Kiên Giang,kien-giang
Châu Thành,Huyện,Rural District,Kiên Giang,kien-giang
Giồng Riềng,Huyện,Rural District,Kiên Giang,kien-giang
Gò Quao,Huyện,Rural District,Kiên Giang,kien-giang
An Biên,Huyện,Rural District,Kiên Giang,kien-giang
An Minh,Huyện,Rural District,Kiên Giang,kien-giang
Vĩnh Thuận,Huyện,Rural District,Kiên Giang,kien-giang
Phú Quốc,Huyện,Rural District,Kiên Giang,kien-giang
Kiên Hải,Huyện,Rural District,Kiên Giang,kien-giang
U Minh Thượng,Huyện,Rural District,Kiên Giang,kien-giang
Giang Thành,Huyện,Rural District,Kiên Giang,kien-giang
Ninh Kiều,Quận,Urban District,Cần Thơ,can-tho
Ô Môn,Quận,Urban District,Cần Thơ,can-tho
Bình Thuỷ,Quận,Urban District,Cần Thơ,can-tho
Cái Răng,Quận,Urban District,Cần Thơ,can-tho
Thốt Nốt,Quận,Urban District,Cần Thơ,can-tho
Vĩnh Thạnh,Huyện,Rural District,Cần Thơ,can-tho
Cờ Đỏ,Huyện,Rural District,Cần Thơ,can-tho
Phong Điền,Huyện,Rural District,Cần Thơ,can-tho
Thới Lai,Huyện,Rural District,Cần Thơ,can-tho
Vị Thanh,Thành Phố,City,Hậu Giang,hau-giang
Ngã Bảy,Thị Xã,Town,Hậu Giang,hau-giang
Châu Thành A,Huyện,Rural District,Hậu Giang,hau-giang
Châu Thành,Huyện,Rural District,Hậu Giang,hau-giang
Phụng Hiệp,Huyện,Rural District,Hậu Giang,hau-giang
Vị Thuỷ,Huyện,Rural District,Hậu Giang,hau-giang
Long Mỹ,Huyện,Rural District,Hậu Giang,hau-giang
Long Mỹ,Thị Xã,Town,Hậu Giang,hau-giang
Sóc Trăng,Thành Phố,City,Sóc Trăng,soc-trang
Châu Thành,Huyện,Rural District,Sóc Trăng,soc-trang
Kế Sách,Huyện,Rural District,Sóc Trăng,soc-trang
Mỹ Tú,Huyện,Rural District,Sóc Trăng,soc-trang
Cù Lao Dung,Huyện,Rural District,Sóc Trăng,soc-trang
Long Phú,Huyện,Rural District,Sóc Trăng,soc-trang
Mỹ Xuyên,Huyện,Rural District,Sóc Trăng,soc-trang
Ngã Năm,Thị Xã,Town,Sóc Trăng,soc-trang
Thạnh Trị,Huyện,Rural District,Sóc Trăng,soc-trang
Vĩnh Châu,Thị Xã,Town,Sóc Trăng,soc-trang
Trần Đề,Huyện,Rural District,Sóc Trăng,soc-trang
Bạc Liêu,Thành Phố,City,Bạc Liêu,bac-lieu
Hồng Dân,Huyện,Rural District,Bạc Liêu,bac-lieu
Phước Long,Huyện,Rural District,Bạc Liêu,bac-lieu
Vĩnh Lợi,Huyện,Rural District,Bạc Liêu,bac-lieu
Giá Rai,Thị Xã,Town,Bạc Liêu,bac-lieu
Đông Hải,Huyện,Rural District,Bạc Liêu,bac-lieu
Hoà Bình,Huyện,Rural District,Bạc Liêu,bac-lieu
Cà Mau,Thành Phố,City,Cà Mau,ca-mau
U Minh,Huyện,Rural District,Cà Mau,ca-mau
Thới Bình,Huyện,Rural District,Cà Mau,ca-mau
Trần Văn Thời,Huyện,Rural District,Cà Mau,ca-mau
Cái Nước,Huyện,Rural District,Cà Mau,ca-mau
Đầm Dơi,Huyện,Rural District,Cà Mau,ca-mau
Năm Căn,Huyện,Rural District,Cà Mau,ca-mau
Phú Tân,Huyện,Rural District,Cà Mau,ca-mau
Ngọc Hiển,Huyện,Rural District,Cà Mau,ca-mau